id,type,registrationTime,releaseTime,local,title,topic,isActive,start,end,phase.id,phase.label,impact.value,expectedDuration.description,expectedDuration.endTime,period,summaryAdditionalTravelTime.minimumDurationInMinutes,summaryAdditionalTravelTime.maximumDurationInMinutes,sectionType,section.direction,consequence.section.direction,consequence.description,consequence.level,uicCode,stationCode,name,countryCode,coordinate.lat,coordinate.lng
6027192,DISRUPTION,2023-11-25T15:40:10+0100,2023-11-25T15:40:10+0100,False,Heerlen-Maastricht; Heerlen-Aachen Hbf,disruption_6027192_nl,True,2023-11-25T15:29:04+0100,2023-11-26T23:45:00+0100,2,Impact bekend,2.0,Dit duurt ten minste tot zondag 26 november 23:45 uur.,2023-11-26T23:45:00+0100,,,,NL,BOTH,ONE_WAY,minder treinen,LESS_TRAINS,8400307,HRL,Heerlen,NL,50.8908348083496,5.97499990463257
6027193,DISRUPTION,2023-11-25T18:22:52+0100,2023-11-25T18:22:52+0100,False,Hengelo-Oldenzaal,disruption_6027193_nl,True,2023-11-25T16:17:08+0100,2023-11-25T22:00:00+0100,3,Vervangend vervoer,1.0,Dit duurt tot ongeveer 22:00 uur.,2023-11-25T22:00:00+0100,,,,NEIGHBORING_COUNTRY,BOTH,ONE_WAY,minder treinen,LESS_TRAINS,8400404,HRLW,Heerlen Woonboulevard,NL,50.896667,5.952222
6027194,DISRUPTION,2023-11-25T20:11:44+0100,2023-11-25T20:11:44+0100,False,'s-Hertogenbosch-Eindhoven,disruption_6027194_nl,True,2023-11-25T18:55:13+0100,2023-11-25T22:30:00+0100,1b,Gevolgen bekend,2.0,Dit duurt tot ongeveer 22:30 uur.,2023-11-25T22:30:00+0100,,,,NL,BOTH,ONE_WAY,minder treinen,LESS_TRAINS,8400656,VDL,Voerendaal,NL,50.8872222900391,5.93027782440186
7004120,MAINTENANCE,2023-11-03T11:56:03+0100,2023-11-03T11:56:03+0100,False,Schiphol Airport.,,True,2023-11-12T04:00:00+0100,2023-12-04T02:00:00+0100,,,2.0,,,Zondag 12-11-2023 04:00 uur t/m maandag 04-12-2023 02:00 uur.,15.0,15.0,NL,BOTH,ONE_WAY,geen Sprinters,LESS_TRAINS,8400362,KMR,Klimmen-Ransdaal,NL,50.8663902282715,5.8905553817749
7004222,MAINTENANCE,2023-11-17T20:59:20+0100,2023-11-17T20:59:20+0100,False,Utrecht - Spoorwegmuseum.,,True,2023-11-18T08:00:00+0100,2023-12-09T18:00:00+0100,,,3.0,,,Zaterdag 18-11-2023 08:00 uur t/m zaterdag 09-12-2023 18:00 uur.,,,NL,BOTH,ONE_WAY,dienstregeling aangepast,LESS_TRAINS,8400555,SOG,Schin op Geul,NL,50.856388092041,5.87222242355347
7004221,MAINTENANCE,2023-11-16T14:49:31+0100,2023-11-16T14:49:31+0100,False,Deventer - Almelo.,,True,2023-11-22T08:30:00+0100,2023-12-08T17:00:00+0100,,,2.0,,,Woensdag 22-11-2023 08:30 uur t/m vrijdag 08-12-2023 17:00 uur.,,,NL,BOTH,ONE_WAY,dienstregeling aangepast,LESS_TRAINS,8400632,VK,Valkenburg,NL,50.8697204589844,5.83222198486328
7004069,MAINTENANCE,2023-10-30T10:09:33+0100,2023-10-30T10:09:33+0100,False,Roosendaal - Vlissingen.,,True,2023-11-24T04:00:00+0100,2023-11-27T02:00:00+0100,,,4.0,,,Vrijdag 24-11-2023 04:00 uur t/m maandag 27-11-2023 02:00 uur.,15.0,15.0,NL,BOTH,ONE_WAY,geen treinen,LESS_TRAINS,8400341,SGL,Houthem-St. Gerlach,NL,50.8733329772949,5.79722213745117
7004109,MAINTENANCE,2023-10-30T09:33:51+0100,2023-10-30T09:33:51+0100,False,Arnhem - Duisburg - Düsseldorf.,,True,2023-11-24T21:00:00+0100,2023-12-03T23:59:00+0100,,,4.0,,,Vrijdag 24-11-2023 21:00 uur t/m zondag 03-12-2023 23:59 uur.,,30.0,NL,ONE_WAY,ONE_WAY,dienstregeling aangepast,LESS_TRAINS,8400434,MES,Meerssen,NL,50.882879392551,5.75099945068359
7004104,MAINTENANCE,2023-11-14T09:23:09+0100,2023-11-14T09:23:09+0100,False,Rotterdam Centraal.,,True,2023-11-25T00:30:00+0100,2023-11-27T05:00:00+0100,,,5.0,,,Zaterdag 25-11-2023 00:30 uur t/m maandag 27-11-2023 05:00 uur.,30.0,45.0,NL,BOTH,ONE_WAY,rijden bussen,LESS_TRAINS,8400449,MTN,Maastricht Noord,NL,50.87087,5.71774
7004164,MAINTENANCE,2023-10-27T14:09:21+0200,2023-10-27T14:09:21+0200,False,Utrecht - Rhenen; Utrecht - Nijmegen.,,True,2023-11-25T01:30:00+0100,2023-11-26T17:35:00+0100,,,3.0,,,Zaterdag 25-11-2023 01:30 uur t/m zondag 26-11-2023 17:35 uur.,30.0,30.0,NEIGHBORING_COUNTRY,BOTH,ONE_WAY,rijden bussen,LESS_TRAINS,8400424,MT,Maastricht,NL,50.8502769470215,5.70555543899536
7003873,MAINTENANCE,2023-11-20T20:43:29+0100,2023-11-20T20:43:29+0100,False,Amsterdam - Rotterdam - Brussel (HSL).,,True,2023-11-25T04:00:00+0100,2023-11-27T02:00:00+0100,,,2.0,,,Zaterdag 25-11-2023 04:00 uur t/m maandag 27-11-2023 02:00 uur.,,,NL,BOTH,ONE_WAY,dienstregeling aangepast,LESS_TRAINS,8400307,HRL,Heerlen,NL,50.8908348083496,5.97499990463257
7004031,MAINTENANCE,2023-11-25T09:15:39+0100,2023-11-25T09:15:39+0100,False,Amersfoort - Ede-Wageningen.,,True,2023-11-25T04:00:00+0100,2023-11-27T02:00:00+0100,,,4.0,,,Zaterdag 25-11-2023 04:00 uur t/m maandag 27-11-2023 02:00 uur.,,30.0,NL,BOTH,ONE_WAY,dienstregeling aangepast,LESS_TRAINS,8400548,LG,Landgraaf,NL,50.8963890075684,6.01916646957398
7004156,MAINTENANCE,2023-11-06T09:29:26+0100,2023-11-06T09:29:26+0100,False,Zwolle - Emmen.,,True,2023-11-25T04:00:00+0100,2023-12-04T02:00:00+0100,,,4.0,,,Zaterdag 25-11-2023 04:00 uur t/m maandag 04-12-2023 02:00 uur.,,45.0,NL,BOTH,ONE_WAY,dienstregeling aangepast,LESS_TRAINS,8400234,EGHM,Eygelshoven Markt,NL,50.8960498196442,6.0602474212646396
7004083,MAINTENANCE,2023-11-20T20:39:24+0100,2023-11-20T20:39:24+0100,False,Amsterdam - Brussel - London (HSL).,,True,2023-11-25T06:00:00+0100,2023-11-26T23:59:00+0100,,,2.0,,,Zaterdag 25-11-2023 06:00 uur t/m zondag 26-11-2023 23:59 uur.,,,HSL,BOTH,ONE_WAY,geen treinen op de HSL,LESS_TRAINS,8015190,HZ,Herzogenrath,D,50.870916,6.094486
7004066,MAINTENANCE,2023-11-06T13:45:26+0100,2023-11-06T13:45:26+0100,False,Amsterdam - Brussel - Paris (HSL).,,True,2023-11-25T06:00:00+0100,2023-11-26T23:59:00+0100,,,2.0,,,Zaterdag 25-11-2023 06:00 uur t/m zondag 26-11-2023 23:59 uur.,,,NL,BOTH,ONE_WAY,aangep. dienstregeling en businzet,LESS_TRAINS,8015345,AHBF,Aachen Hbf,D,50.7678,6.091499
7004163,MAINTENANCE,2023-10-30T09:26:15+0100,2023-10-30T09:26:15+0100,False,Deventer - Enschede; Zwolle - Enschede.,,False,2023-11-26T00:45:00+0100,2023-11-26T02:30:00+0100,,,3.0,,,Zondag 26-11-2023 00:45 uur t/m zondag 26-11-2023 02:30 uur.,,30.0,NL,BOTH,ONE_WAY,aangep. dienstregeling en businzet,LESS_TRAINS,8400316,HGL,Hengelo,NL,52.2616653442383,6.79388904571533
7004155,MAINTENANCE,2023-10-30T09:39:14+0100,2023-10-30T09:39:14+0100,False,Groningen - Eemshaven.,,False,2023-11-26T23:20:00+0100,2023-11-27T05:00:00+0100,,,3.0,,,Zondag 26-11-2023 23:20 uur t/m maandag 27-11-2023 05:00 uur.,,30.0,HSL,BOTH,ONE_WAY,dienstregeling aangepast,LESS_TRAINS,8400312,HGLO,Hengelo Oost,NL,52.2688903808594,6.81944465637207
7004169,MAINTENANCE,2023-11-18T15:15:46+0100,2023-11-18T15:15:46+0100,False,Den Haag - Rotterdam; Rotterdam - Dordrecht; Rotterdam - Breda (HSL).,,False,2023-11-27T04:00:00+0100,2023-12-02T01:00:00+0100,,,2.0,,,Maandag 27-11-2023 04:00 uur t/m zaterdag 02-12-2023 01:00 uur.,15.0,15.0,NL,BOTH,ONE_WAY,rijden bussen,LESS_TRAINS,8400483,ODZ,Oldenzaal,NL,52.3063888549805,6.93472242355347
7003876,MAINTENANCE,2023-10-31T11:41:56+0100,2023-10-31T11:41:56+0100,False,Amsterdam - Rotterdam - Brussel (HSL).,,False,2023-11-27T04:00:00+0100,2023-12-02T02:00:00+0100,,,2.0,,,Maandag 27-11-2023 04:00 uur t/m zaterdag 02-12-2023 02:00 uur.,,,NL,BOTH,ONE_WAY,rijden bussen,LESS_TRAINS,8400319,HT,'s-Hertogenbosch,NL,51.69048,5.29362
7004220,MAINTENANCE,2023-11-18T15:16:46+0100,2023-11-18T15:16:46+0100,False,Amsterdam - Schiphol - Rotterdam (HSL).,,False,2023-11-27T06:00:00+0100,2023-12-01T20:00:00+0100,,,2.0,,,Maandag 27-11-2023 06:00 uur t/m vrijdag 01-12-2023 20:00 uur.,,,HSL,BOTH,ONE_WAY,geen Eurostar,LESS_TRAINS,8400667,VG,Vught,NL,51.6555557250977,5.29194450378418
7004166,MAINTENANCE,2023-11-06T09:29:50+0100,2023-11-06T09:29:50+0100,False,Groningen - Delfzijl.,,False,2023-11-27T23:20:00+0100,2023-11-28T05:00:00+0100,,,3.0,,,Maandag 27-11-2023 23:20 uur t/m dinsdag 28-11-2023 05:00 uur.,,30.0,HSL,BOTH,ONE_WAY,aangepaste internationale dienstregeling,LESS_TRAINS,8400129,BTL,Boxtel,NL,51.58433,5.31912
7004105,MAINTENANCE,2023-10-31T16:14:33+0100,2023-10-31T16:14:33+0100,False,Rotterdam Centraal.,,False,2023-12-02T00:30:00+0100,2023-12-04T05:00:00+0100,,,5.0,,,Zaterdag 02-12-2023 00:30 uur t/m maandag 04-12-2023 05:00 uur.,30.0,45.0,NL,ONE_WAY,ONE_WAY,rijden bussen,LESS_TRAINS,8400112,BET,Best,NL,51.5099983215332,5.38916683197022
7003877,MAINTENANCE,2023-11-06T14:23:21+0100,2023-11-06T14:23:21+0100,False,Amsterdam - Rotterdam - Brussel (HSL).,,False,2023-12-02T04:00:00+0100,2023-12-03T23:59:00+0100,,,2.0,,,Zaterdag 02-12-2023 04:00 uur t/m zondag 03-12-2023 23:59 uur.,,,NL,ONE_WAY,ONE_WAY,rijden bussen,LESS_TRAINS,8400196,EHS,Eindhoven Strijp-S,NL,51.4511108398438,5.45583343505859
7003875,MAINTENANCE,2023-10-31T11:37:49+0100,2023-10-31T11:37:49+0100,False,Roosendaal - Antwerpen - Puurs.,,False,2023-12-02T04:00:00+0100,2023-12-04T02:00:00+0100,,,2.0,,,Zaterdag 02-12-2023 04:00 uur t/m maandag 04-12-2023 02:00 uur.,,30.0,NL,BOTH,ONE_WAY,rijden bussen,LESS_TRAINS,8400206,EHV,Eindhoven Centraal,NL,51.4433326721191,5.48138904571533
7004084,MAINTENANCE,2023-11-20T20:39:04+0100,2023-11-20T20:39:04+0100,False,Amsterdam - Brussel - London (HSL).,,False,2023-12-02T06:00:00+0100,2023-12-03T23:59:00+0100,,,2.0,,,Zaterdag 02-12-2023 06:00 uur t/m zondag 03-12-2023 23:59 uur.,,,NL,BOTH,ONE_WAY,dienstregeling aangepast,LESS_TRAINS,8400058,ASD,Amsterdam Centraal,NL,52.3788871765137,4.90027761459351
7004067,MAINTENANCE,2023-11-06T13:47:23+0100,2023-11-06T13:47:23+0100,False,Amsterdam - Brussel - Paris (HSL).,,False,2023-12-02T06:00:00+0100,2023-12-03T23:59:00+0100,,,2.0,,,Zaterdag 02-12-2023 06:00 uur t/m zondag 03-12-2023 23:59 uur.,,,NL,BOTH,ONE_WAY,dienstregeling aangepast,LESS_TRAINS,8400059,ASS,Amsterdam Sloterdijk,NL,52.3888893127441,4.83777761459351
7004123,MAINTENANCE,2023-11-03T11:52:59+0100,2023-11-03T11:52:59+0100,False,Amsterdam - Lelystad Centrum; Schiphol - Lelystad.,,False,2023-12-03T00:45:00+0100,2023-12-04T02:00:00+0100,,,4.0,,,Zondag 03-12-2023 00:45 uur t/m maandag 04-12-2023 02:00 uur.,30.0,30.0,HSL,BOTH,ONE_WAY,geen treinen op de HSL,LESS_TRAINS,8400079,ASDL,Amsterdam Lelylaan,NL,52.3577766418457,4.83388900756836
7004149,MAINTENANCE,2023-10-31T11:37:04+0100,2023-10-31T11:37:04+0100,False,Amsterdam - Haarlem.,,False,2023-12-03T01:15:00+0100,2023-12-03T04:00:00+0100,,,3.0,,,Zondag 03-12-2023 01:15 uur t/m zondag 03-12-2023 04:00 uur.,15.0,15.0,HSL,BOTH,ONE_WAY,dienstregeling aangepast,LESS_TRAINS,8400561,SHL,Schiphol Airport,NL,52.3094444274902,4.76194429397583
7004205,MAINTENANCE,2023-11-13T14:02:56+0100,2023-11-13T14:02:56+0100,False,Utrecht - Arnhem; Utrecht - Rhenen.,,False,2023-12-03T01:15:00+0100,2023-12-04T01:15:00+0100,,,3.0,,,Zondag 03-12-2023 01:15 uur t/m maandag 04-12-2023 01:15 uur.,,30.0,HSL,BOTH,ONE_WAY,extra drukte vanwege een omreisroute,LESS_TRAINS,8400332,HFD,Hoofddorp,NL,52.2933349609375,4.70055532455444
7004182,MAINTENANCE,2023-11-03T11:52:31+0100,2023-11-03T11:52:31+0100,False,Amsterdam - Schiphol - Leiden; Amsterdam Zuid - Den Haag.,,False,2023-12-03T01:25:00+0100,2023-12-03T23:59:00+0100,,,4.0,,,Zondag 03-12-2023 01:25 uur t/m zondag 03-12-2023 23:59 uur.,60.0,60.0,NL,BOTH,ONE_WAY,rijden bussen,LESS_TRAINS,8400460,NVP,Nieuw Vennep,NL,52.2588882446289,4.64555549621582
7004134,MAINTENANCE,2023-11-07T10:18:08+0100,2023-11-07T10:18:08+0100,False,Utrecht - 's-Hertogenbosch; Utrecht - Tiel.,,False,2023-12-03T04:00:00+0100,2023-12-03T09:00:00+0100,,,3.0,,,Zondag 03-12-2023 04:00 uur t/m zondag 03-12-2023 09:00 uur.,,30.0,NL,BOTH,ONE_WAY,dienstregeling aangepast,LESS_TRAINS,8400603,SSH,Sassenheim,NL,52.215278,4.517222
7004127,MAINTENANCE,2023-11-03T11:52:55+0100,2023-11-03T11:52:55+0100,False,Amersfoort - Deventer.,,False,2023-12-03T06:00:00+0100,2023-12-04T02:00:00+0100,,,2.0,,,Zondag 03-12-2023 06:00 uur t/m maandag 04-12-2023 02:00 uur.,15.0,15.0,NL,BOTH,ONE_WAY,dienstregeling aangepast,LESS_TRAINS,8400390,LEDN,Leiden Centraal,NL,52.1661109924316,4.48166656494141
7004225,MAINTENANCE,2023-11-21T15:51:03+0100,2023-11-21T15:51:03+0100,False,Amersfoort - Zwolle.,,False,2023-12-04T23:15:00+0100,2023-12-05T05:30:00+0100,,,3.0,,,Maandag 04-12-2023 23:15 uur t/m dinsdag 05-12-2023 05:30 uur.,45.0,45.0,NL,BOTH,ONE_WAY,dienstregeling aangepast,LESS_TRAINS,8400332,HFD,Hoofddorp,NL,52.2933349609375,4.70055532455444
7004197,MAINTENANCE,2023-11-20T09:28:34+0100,2023-11-20T09:28:34+0100,False,Groningen - Eemshaven.,,False,2023-12-08T23:35:00+0100,2023-12-18T02:00:00+0100,,,4.0,,,Vrijdag 08-12-2023 23:35 uur t/m maandag 18-12-2023 02:00 uur.,,45.0,HSL,BOTH,ONE_WAY,geen treinen op de HSL,LESS_TRAINS,8400561,SHL,Schiphol Airport,NL,52.3094444274902,4.76194429397583
7004198,MAINTENANCE,2023-11-20T09:28:27+0100,2023-11-20T09:28:27+0100,False,Groningen - Delfzijl.,,False,2023-12-09T00:10:00+0100,2023-12-18T02:00:00+0100,,,4.0,,,Zaterdag 09-12-2023 00:10 uur t/m maandag 18-12-2023 02:00 uur.,,45.0,HSL,BOTH,ONE_WAY,dienstregeling aangepast,LESS_TRAINS,8400061,ASDZ,Amsterdam Zuid,NL,52.338889,4.872356
7004207,MAINTENANCE,2023-11-14T14:26:10+0100,2023-11-14T14:26:10+0100,False,Amsterdam - Schiphol - Leiden; Hoofddorp - Schiphol - Almere Oostvaarders.,,False,2023-12-09T00:15:00+0100,2023-12-11T05:00:00+0100,,,5.0,,,Zaterdag 09-12-2023 00:15 uur t/m maandag 11-12-2023 05:00 uur.,30.0,30.0,NEIGHBORING_COUNTRY,BOTH,ONE_WAY,aangepaste internationale dienstregeling,LESS_TRAINS,8400056,RAI,Amsterdam RAI,NL,52.3372230529785,4.89027786254883
7004217,MAINTENANCE,2023-11-14T15:00:47+0100,2023-11-14T15:00:47+0100,False,Amsterdam - Schiphol - Leiden.,,False,2023-12-09T01:30:00+0100,2023-12-09T06:00:00+0100,,,3.0,,,Zaterdag 09-12-2023 01:30 uur t/m zaterdag 09-12-2023 06:00 uur.,30.0,30.0,HSL,BOTH,ONE_WAY,geen Eurostar,LESS_TRAINS,8400194,DVD,Duivendrecht,NL,52.3233337402344,4.93638896942139
7004204,MAINTENANCE,2023-11-19T14:15:16+0100,2023-11-19T14:15:16+0100,False,Alkmaar - Den Helder; Alkmaar - Hoorn.,,False,2023-12-09T01:50:00+0100,2023-12-18T02:00:00+0100,,,4.0,,,Zaterdag 09-12-2023 01:50 uur t/m maandag 18-12-2023 02:00 uur.,30.0,30.0,HSL,BOTH,ONE_WAY,aangepaste internationale dienstregeling,LESS_TRAINS,8400163,DMNZ,Diemen Zuid,NL,52.3302764892578,4.95583343505859
7004223,MAINTENANCE,2023-11-19T13:39:11+0100,2023-11-19T13:39:11+0100,False,Gouda - Den Haag.,,False,2023-12-09T04:00:00+0100,2023-12-10T02:00:00+0100,,,3.0,,,Zaterdag 09-12-2023 04:00 uur t/m zondag 10-12-2023 02:00 uur.,15.0,15.0,NL,BOTH,ONE_WAY,rijden bussen,LESS_TRAINS,8400685,WP,Weesp,NL,52.3127784729004,5.04305553436279
7004189,MAINTENANCE,2023-11-20T20:33:21+0100,2023-11-20T20:33:21+0100,False,Amsterdam - Brussel - London (HSL).,,False,2023-12-09T06:00:00+0100,2023-12-09T19:30:00+0100,,,2.0,,,Zaterdag 09-12-2023 06:00 uur t/m zaterdag 09-12-2023 19:30 uur.,,,NL,BOTH,ONE_WAY,rijden bussen,LESS_TRAINS,8400450,AMPO,Almere Poort,NL,52.342778,5.151944
7004184,MAINTENANCE,2023-11-06T14:00:59+0100,2023-11-06T14:00:59+0100,False,Amsterdam - Brussel - Paris (HSL).,,False,2023-12-09T06:00:00+0100,2023-12-10T23:59:00+0100,,,2.0,,,Zaterdag 09-12-2023 06:00 uur t/m zondag 10-12-2023 23:59 uur.,,,NL,BOTH,ONE_WAY,rijden bussen,LESS_TRAINS,8400082,ALMM,Almere Muziekwijk,NL,52.3675003051758,5.19027757644653
7004177,MAINTENANCE,2023-11-10T10:15:03+0100,2023-11-10T10:15:03+0100,False,Nijmegen - Venlo.,,False,2023-12-09T23:00:00+0100,2023-12-10T02:00:00+0100,,,3.0,,,Zaterdag 09-12-2023 23:00 uur t/m zondag 10-12-2023 02:00 uur.,,30.0,NL,BOTH,ONE_WAY,rijden bussen,LESS_TRAINS,8400080,ALM,Almere Centrum,NL,52.37503,5.21764
7004178,MAINTENANCE,2023-11-10T10:15:18+0100,2023-11-10T10:15:18+0100,False,Nijmegen - Venlo.,,False,2023-12-10T04:00:00+0100,2023-12-11T02:00:00+0100,,,3.0,,,Zondag 10-12-2023 04:00 uur t/m maandag 11-12-2023 02:00 uur.,,30.0,NL,BOTH,ONE_WAY,rijden bussen,LESS_TRAINS,8400104,ALMP,Almere Parkwijk,NL,52.3766670227051,5.24472236633301
7004226,MAINTENANCE,2023-11-21T15:51:25+0100,2023-11-21T15:51:25+0100,False,Amersfoort - Zwolle.,,False,2023-12-11T23:15:00+0100,2023-12-12T05:30:00+0100,,,3.0,,,Maandag 11-12-2023 23:15 uur t/m dinsdag 12-12-2023 05:30 uur.,45.0,45.0,NL,BOTH,ONE_WAY,rijden bussen,LESS_TRAINS,8400081,ALMB,Almere Buiten,NL,52.3941650390625,5.2780556678772
7004209,MAINTENANCE,2023-11-23T15:29:53+0100,2023-11-23T15:29:53+0100,False,Amsterdam - Hoofddorp; Hoofddorp - Schiphol - Hilversum.,,False,2023-12-13T01:20:00+0100,2023-12-20T02:00:00+0100,,,2.0,,,Woensdag 13-12-2023 01:20 uur t/m woensdag 20-12-2023 02:00 uur.,,,NL,BOTH,ONE_WAY,rijden bussen,LESS_TRAINS,8400226,ALMO,Almere Oostvaarders,NL,52.4033317565918,5.30055570602417
7004224,MAINTENANCE,2023-11-19T14:49:53+0100,2023-11-19T14:49:53+0100,False,Den Haag - Rotterdam.,,False,2023-12-16T00:20:00+0100,2023-12-18T05:00:00+0100,,,4.0,,,Zaterdag 16-12-2023 00:20 uur t/m maandag 18-12-2023 05:00 uur.,,60.0,NL,BOTH,ONE_WAY,rijden bussen,LESS_TRAINS,8400621,UT,Utrecht Centraal,NL,52.0888900756836,5.11027765274048
7004229,MAINTENANCE,2023-11-23T15:42:19+0100,2023-11-23T15:42:19+0100,False,Amsterdam - Almere; Amsterdam - Amersfoort.,,False,2023-12-16T01:50:00+0100,2023-12-18T02:00:00+0100,,,4.0,,,Zaterdag 16-12-2023 01:50 uur t/m maandag 18-12-2023 02:00 uur.,30.0,30.0,NL,BOTH,ONE_WAY,rijden bussen,LESS_TRAINS,8400620,UTO,Utrecht Overvecht,NL,52.1100006103516,5.12472200393677
7004200,MAINTENANCE,2023-11-20T20:31:50+0100,2023-11-20T20:31:50+0100,False,Amsterdam - Hannover - Berlin.,,False,2023-12-16T04:00:00+0100,2023-12-18T02:00:00+0100,,,2.0,,,Zaterdag 16-12-2023 04:00 uur t/m maandag 18-12-2023 02:00 uur.,,,NL,BOTH,ONE_WAY,minder Intercity's,LESS_TRAINS,8400114,BHV,Bilthoven,NL,52.1300010681152,5.20388889312744
,,,,,,,,,,,,,,,,,,NL,BOTH,ONE_WAY,rijden bussen,LESS_TRAINS,8400624,UTM,Utrecht Maliebaan,NL,52.087776184082,5.13138866424561
,,,,,,,,,,,,,,,,,,NL,BOTH,ONE_WAY,rijden bussen,LESS_TRAINS,8400173,DV,Deventer,NL,52.2574996948242,6.16055536270142
,,,,,,,,,,,,,,,,,,NL,BOTH,ONE_WAY,rijden bussen,LESS_TRAINS,8400185,DVC,Deventer Colmschate,NL,52.2502784729004,6.21444463729858
,,,,,,,,,,,,,,,,,,NL,BOTH,ONE_WAY,rijden bussen,LESS_TRAINS,8400328,HON,Holten,NL,52.2838897705078,6.42027759552002
,,,,,,,,,,,,,,,,,,NL,BOTH,ONE_WAY,vervangend vervoer,LESS_TRAINS,8400538,RSN,Rijssen,NL,52.3122215270996,6.52027797698975
,,,,,,,,,,,,,,,,,,NL,BOTH,ONE_WAY,vervangend vervoer,LESS_TRAINS,8400691,WDN,Wierden,NL,52.3613891601562,6.59166669845581
,,,,,,,,,,,,,,,,,,NL,BOTH,ONE_WAY,rijden bussen,LESS_TRAINS,8400051,AML,Almelo,NL,52.3580551147461,6.65388870239258
,,,,,,,,,,,,,,,,,,NL,BOTH,ONE_WAY,rijden bussen,LESS_TRAINS,8400526,RSD,Roosendaal,NL,51.5402793884277,4.45833349227905
,,,,,,,,,,,,,,,,,,NL,BOTH,ONE_WAY,rijden bussen,LESS_TRAINS,8400108,BGN,Bergen op Zoom,NL,51.4938888549805,4.29611110687256
,,,,,,,,,,,,,,,,,,NL,BOTH,ONE_WAY,rijden bussen,LESS_TRAINS,8400521,RB,Rilland-Bath,NL,51.422779083252,4.16111087799072
,,,,,,,,,,,,,,,,,,HSL,ONE_WAY,ONE_WAY,aangepaste internationale dienstregeling,LESS_TRAINS,8400367,KBD,Krabbendijke,NL,51.4333343505859,4.11694431304932
,,,,,,,,,,,,,,,,,,HSL,BOTH,ONE_WAY,aangepaste internationale dienstregeling,LESS_TRAINS,8400370,KRG,Kruiningen-Yerseke,NL,51.4650001525879,4.03722238540649
,,,,,,,,,,,,,,,,,,NL,BOTH,ONE_WAY,rijden bussen,LESS_TRAINS,8400354,BZL,Kapelle-Biezelinge,NL,51.4808349609375,3.95611119270325
,,,,,,,,,,,,,,,,,,NL,BOTH,ONE_WAY,rijden bussen,LESS_TRAINS,8400253,GS,Goes,NL,51.4980545043945,3.89055562019348
,,,,,,,,,,,,,,,,,,NL,BOTH,ONE_WAY,rijden bussen,LESS_TRAINS,8400069,ARN,Arnemuiden,NL,51.5016670227051,3.66916656494141
,,,,,,,,,,,,,,,,,,NL,BOTH,ONE_WAY,dienstregeling aangepast,LESS_TRAINS,8400436,MDB,Middelburg,NL,51.4947204589844,3.61722230911255
,,,,,,,,,,,,,,,,,,NL,BOTH,ONE_WAY,dienstregeling aangepast,LESS_TRAINS,8400653,VSS,Vlissingen Souburg,NL,51.4647216796875,3.59527778625488
,,,,,,,,,,,,,,,,,,NL,BOTH,ONE_WAY,vervangend vervoer,LESS_TRAINS,8400652,VS,Vlissingen,NL,51.4458351135254,3.59527778625488
,,,,,,,,,,,,,,,,,,NL,BOTH,ONE_WAY,rijden bussen,LESS_TRAINS,8400071,AH,Arnhem Centraal,NL,51.9850006103516,5.89916658401489
,,,,,,,,,,,,,,,,,,NL,BOTH,ONE_WAY,rijden bussen,LESS_TRAINS,8400072,AHP,Arnhem Velperpoort,NL,51.985279083252,5.91944456100464
,,,,,,,,,,,,,,,,,,NEIGHBORING_COUNTRY,BOTH,ONE_WAY,aangepaste internationale dienstregeling,LESS_TRAINS,8400688,WTV,Westervoort,NL,51.96286,5.9695
,,,,,,,,,,,,,,,,,,,,,,,8400193,DVN,Duiven,NL,51.9433326721191,6.01472234725952
,,,,,,,,,,,,,,,,,,,,,,,8400735,ZV,Zevenaar,NL,51.9230537414551,6.07194423675537
,,,,,,,,,,,,,,,,,,,,,,,8033415,EL,Emmerich-Elten,D,51.8743,6.15417
,,,,,,,,,,,,,,,,,,,,,,,8010288,EM,Emmerich,D,51.834283,6.255718
,,,,,,,,,,,,,,,,,,,,,,,8010275,WESEL,Wesel,D,51.655833,6.627222
,,,,,,,,,,,,,,,,,,,,,,,8010263,OBERH,Oberhausen Hbf,D,51.47512,6.852038
,,,,,,,,,,,,,,,,,,,,,,,8010316,DUISB,Duisburg Hbf,D,51.4297785713316,6.77590370178222
,,,,,,,,,,,,,,,,,,,,,,,8039904,KDFFH,Düsseldorf Flughafen,D,51.292009,6.786836
,,,,,,,,,,,,,,,,,,,,,,,8008094,DUSSEL,Düsseldorf Hbf,D,51.220146,6.793137
,,,,,,,,,,,,,,,,,,,,,,,8400530,RTD,Rotterdam Centraal,NL,51.9249992370605,4.46888875961304
,,,,,,,,,,,,,,,,,,,,,,,8400529,RTB,Rotterdam Blaak,NL,51.9202766418457,4.48888874053955
,,,,,,,,,,,,,,,,,,,,,,,8400533,RTZ,Rotterdam Zuid,NL,51.9044456481934,4.51027774810791
,,,,,,,,,,,,,,,,,,,,,,,8400542,RLB,Rotterdam Lombardijen,NL,51.8800010681152,4.53138875961304
,,,,,,,,,,,,,,,,,,,,,,,8400090,BRD,Barendrecht,NL,51.8547210693359,4.5533332824707
,,,,,,,,,,,,,,,,,,,,,,,8400752,ZWD,Zwijndrecht,NL,51.814998626709,4.64166688919067
,,,,,,,,,,,,,,,,,,,,,,,8400180,DDR,Dordrecht,NL,51.8072204589844,4.66833353042603
,,,,,,,,,,,,,,,,,,,,,,,8400530,RTD,Rotterdam Centraal,NL,51.9249992370605,4.46888875961304
,,,,,,,,,,,,,,,,,,,,,,,8400531,RTN,Rotterdam Noord,NL,51.9422225952148,4.48166656494141
,,,,,,,,,,,,,,,,,,,,,,,8400507,RTA,Rotterdam Alexander,NL,51.9519462585449,4.55361127853394
,,,,,,,,,,,,,,,,,,,,,,,8400147,CPS,Capelle Schollevaar,NL,51.9541664123535,4.58416652679443
,,,,,,,,,,,,,,,,,,,,,,,8400455,NWK,Nieuwerkerk a/d IJssel,NL,51.9652786254883,4.61694431304932
,,,,,,,,,,,,,,,,,,,,,,,8400258,GD,Gouda,NL,52.0175018310547,4.70444440841675
,,,,,,,,,,,,,,,,,,,,,,,8400280,GV,Den Haag HS,NL,52.0697212219238,4.32250022888184
,,,,,,,,,,,,,,,,,,,,,,,8400279,GVMW,Den Haag Moerwijk,NL,52.0538902282715,4.3086109161377
,,,,,,,,,,,,,,,,,,,,,,,8400505,RSW,Rijswijk,NL,52.039722442627,4.31916666030884
,,,,,,,,,,,,,,,,,,,,,,,8400170,DT,Delft,NL,52.0066680908203,4.35638904571533
,,,,,,,,,,,,,,,,,,,,,,,8400166,DTCP,Delft Campus,NL,51.9908332824707,4.36472225189209
,,,,,,,,,,,,,,,,,,,,,,,8400553,SDM,Schiedam Centrum,NL,51.9212438128032,4.4089937210083
,,,,,,,,,,,,,,,,,,,,,,,8400530,RTD,Rotterdam Centraal,NL,51.9249992370605,4.46888875961304
,,,,,,,,,,,,,,,,,,,,,,,8400058,ASD,Amsterdam Centraal,NL,52.3788871765137,4.90027761459351
,,,,,,,,,,,,,,,,,,,,,,,8400059,ASS,Amsterdam Sloterdijk,NL,52.3888893127441,4.83777761459351
,,,,,,,,,,,,,,,,,,,,,,,8400079,ASDL,Amsterdam Lelylaan,NL,52.3577766418457,4.83388900756836
,,,,,,,,,,,,,,,,,,,,,,,8400561,SHL,Schiphol Airport,NL,52.3094444274902,4.76194429397583
,,,,,,,,,,,,,,,,,,,,,,,8400332,HFD,Hoofddorp,NL,52.2933349609375,4.70055532455444
,,,,,,,,,,,,,,,,,,,,,,,8400530,RTD,Rotterdam Centraal,NL,51.9249992370605,4.46888875961304
,,,,,,,,,,,,,,,,,,,,,,,8400529,RTB,Rotterdam Blaak,NL,51.9202766418457,4.48888874053955
,,,,,,,,,,,,,,,,,,,,,,,8400533,RTZ,Rotterdam Zuid,NL,51.9044456481934,4.51027774810791
,,,,,,,,,,,,,,,,,,,,,,,8400542,RLB,Rotterdam Lombardijen,NL,51.8800010681152,4.53138875961304
,,,,,,,,,,,,,,,,,,,,,,,8400132,BDPB,Breda-Prinsenbeek,NL,51.606388092041,4.72083330154419
,,,,,,,,,,,,,,,,,,,,,,,8400131,BD,Breda,NL,51.5955543518066,4.78000020980835
,,,,,,,,,,,,,,,,,,,,,,,8400621,UT,Utrecht Centraal,NL,52.0888900756836,5.11027765274048
,,,,,,,,,,,,,,,,,,,,,,,8400606,UTVR,Utrecht Vaartsche Rijn,NL,52.078889,5.121667
,,,,,,,,,,,,,,,,,,,,,,,8400141,BNK,Bunnik,NL,52.0630569458008,5.19444465637207
,,,,,,,,,,,,,,,,,,,,,,,8400182,DB,Driebergen-Zeist,NL,52.0652770996094,5.25861120223999
,,,,,,,,,,,,,,,,,,,,,,,8400417,MRN,Maarn,NL,52.0641670227051,5.36999988555908
,,,,,,,,,,,,,,,,,,,,,,,8400637,KLP,Veenendaal-De Klomp,NL,52.0458335876465,5.57388877868652
,,,,,,,,,,,,,,,,,,,,,,,8400200,ED,Ede-Wageningen,NL,52.0277786254883,5.67305564880371
,,,,,,,,,,,,,,,,,,,,,,,8400704,WF,Wolfheze,NL,52.0055541992188,5.7936110496521
,,,,,,,,,,,,,,,,,,,,,,,8400489,OTB,Oosterbeek,NL,51.9949989318848,5.84000015258789
,,,,,,,,,,,,,,,,,,,,,,,8400071,AH,Arnhem Centraal,NL,51.9850006103516,5.89916658401489
,,,,,,,,,,,,,,,,,,,,,,,8400227,AHZ,Arnhem Zuid,NL,51.9550018310547,5.85194444656372
,,,,,,,,,,,,,,,,,,,,,,,8400207,EST,Elst,NL,51.9169425964355,5.85500001907349
,,,,,,,,,,,,,,,,,,,,,,,8400451,NML,Nijmegen Lent,NL,51.863154,5.859625
,,,,,,,,,,,,,,,,,,,,,,,8400470,NM,Nijmegen,NL,51.8436126708984,5.85222244262695
,,,,,,,,,,,,,,,,,,,,,,,8400621,UT,Utrecht Centraal,NL,52.0888900756836,5.11027765274048
,,,,,,,,,,,,,,,,,,,,,,,8400606,UTVR,Utrecht Vaartsche Rijn,NL,52.078889,5.121667
,,,,,,,,,,,,,,,,,,,,,,,8400141,BNK,Bunnik,NL,52.0630569458008,5.19444465637207
,,,,,,,,,,,,,,,,,,,,,,,8400182,DB,Driebergen-Zeist,NL,52.0652770996094,5.25861120223999
,,,,,,,,,,,,,,,,,,,,,,,8400417,MRN,Maarn,NL,52.0641670227051,5.36999988555908
,,,,,,,,,,,,,,,,,,,,,,,8400628,VNDW,Veenendaal West,NL,52.0280570983887,5.53138875961304
,,,,,,,,,,,,,,,,,,,,,,,8400627,VNDC,Veenendaal Centrum,NL,52.0200004577637,5.54861116409302
,,,,,,,,,,,,,,,,,,,,,,,8400517,RHN,Rhenen,NL,51.958610534668,5.57833337783814
,,,,,,,,,,,,,,,,,,,,,,,8400058,ASD,Amsterdam Centraal,NL,52.3788871765137,4.90027761459351
,,,,,,,,,,,,,,,,,,,,,,,8400059,ASS,Amsterdam Sloterdijk,NL,52.3888893127441,4.83777761459351
,,,,,,,,,,,,,,,,,,,,,,,8400079,ASDL,Amsterdam Lelylaan,NL,52.3577766418457,4.83388900756836
,,,,,,,,,,,,,,,,,,,,,,,8400561,SHL,Schiphol Airport,NL,52.3094444274902,4.76194429397583
,,,,,,,,,,,,,,,,,,,,,,,8400332,HFD,Hoofddorp,NL,52.2933349609375,4.70055532455444
,,,,,,,,,,,,,,,,,,,,,,,8400530,RTD,Rotterdam Centraal,NL,51.9249992370605,4.46888875961304
,,,,,,,,,,,,,,,,,,,,,,,8400529,RTB,Rotterdam Blaak,NL,51.9202766418457,4.48888874053955
,,,,,,,,,,,,,,,,,,,,,,,8400533,RTZ,Rotterdam Zuid,NL,51.9044456481934,4.51027774810791
,,,,,,,,,,,,,,,,,,,,,,,8400542,RLB,Rotterdam Lombardijen,NL,51.8800010681152,4.53138875961304
,,,,,,,,,,,,,,,,,,,,,,,8400132,BDPB,Breda-Prinsenbeek,NL,51.606388092041,4.72083330154419
,,,,,,,,,,,,,,,,,,,,,,,8400131,BD,Breda,NL,51.5955543518066,4.78000020980835
,,,,,,,,,,,,,,,,,,,,,,,8821105,NDKP,Noorderkempen,B,51.358088,4.633977
,,,,,,,,,,,,,,,,,,,,,,,8821063,ATWLB,Antwerpen-Luchtbal,B,51.2449375,4.4251543
,,,,,,,,,,,,,,,,,,,,,,,8821006,ATW,Antwerpen-Centraal,B,51.21686,4.421242
,,,,,,,,,,,,,,,,,,,,,,,8821121,BERCH,Antwerpen-Berchem,B,51.198914,4.4332
,,,,,,,,,,,,,,,,,,,,,,,8822004,MECH,Mechelen,B,51.01758,4.48313
,,,,,,,,,,,,,,,,,,,,,,,8812005,BRUSN,Brussel-Noord,B,50.859658,4.360854
,,,,,,,,,,,,,,,,,,,,,,,8813003,BRUSC,Brussel-Centraal,B,50.845175,4.357131
,,,,,,,,,,,,,,,,,,,,,,,8814001,BRUSZ,Brussel-Zuid Midi,B,50.836782,4.336922
,,,,,,,,,,,,,,,,,,,,,,,8400055,AMF,Amersfoort Centraal,NL,52.1538887023926,5.37055540084839
,,,,,,,,,,,,,,,,,,,,,,,8400490,HVL,Hoevelaken,NL,52.16652,5.45718
,,,,,,,,,,,,,,,,,,,,,,,8400092,BNN,Barneveld Noord,NL,52.1613883972168,5.59805536270142
,,,,,,,,,,,,,,,,,,,,,,,8400091,BNC,Barneveld Centrum,NL,52.1399993896484,5.59027767181396
,,,,,,,,,,,,,,,,,,,,,,,8400115,BNZ,Barneveld Zuid,NL,52.128853,5.60246
,,,,,,,,,,,,,,,,,,,,,,,8400405,LTN,Lunteren,NL,52.085277557373,5.62444448471069
,,,,,,,,,,,,,,,,,,,,,,,8400201,EDC,Ede Centrum,NL,52.0436096191406,5.66833353042603
,,,,,,,,,,,,,,,,,,,,,,,8400200,ED,Ede-Wageningen,NL,52.0277786254883,5.67305564880371
,,,,,,,,,,,,,,,,,,,,,,,8400747,ZL,Zwolle,NL,52.5047225952148,6.09194421768188
,,,,,,,,,,,,,,,,,,,,,,,8400167,DL,Dalfsen,NL,52.4983329772949,6.25861120223999
,,,,,,,,,,,,,,,,,,,,,,,8400487,OMN,Ommen,NL,52.5094451904297,6.41583347320557
,,,,,,,,,,,,,,,,,,,,,,,8400428,MRB,Mariënberg,NL,52.5094451904297,6.57527780532837
,,,,,,,,,,,,,,,,,,,,,,,8400293,HDB,Hardenberg,NL,52.5727767944336,6.62861108779907
,,,,,,,,,,,,,,,,,,,,,,,8400259,GBG,Gramsbergen,NL,52.6091651916504,6.67583322525024
,,,,,,,,,,,,,,,,,,,,,,,8400153,CO,Coevorden,NL,52.6636123657227,6.73555564880371
,,,,,,,,,,,,,,,,,,,,,,,8400161,DLN,Dalen,NL,52.6941680908203,6.75805568695068
,,,,,,,,,,,,,,,,,,,,,,,8400454,NA,Nieuw Amsterdam,NL,52.7186126708984,6.84861087799072
,,,,,,,,,,,,,,,,,,,,,,,8400407,EMNZ,Emmen Zuid,NL,52.7488663746914,6.87478065490722
,,,,,,,,,,,,,,,,,,,,,,,8400208,EMN,Emmen,NL,52.7900009155273,6.89944458007812
,,,,,,,,,,,,,,,,,,,,,,,8400058,ASD,Amsterdam Centraal,NL,52.3788871765137,4.90027761459351
,,,,,,,,,,,,,,,,,,,,,,,8400059,ASS,Amsterdam Sloterdijk,NL,52.3888893127441,4.83777761459351
,,,,,,,,,,,,,,,,,,,,,,,8400079,ASDL,Amsterdam Lelylaan,NL,52.3577766418457,4.83388900756836
,,,,,,,,,,,,,,,,,,,,,,,8400561,SHL,Schiphol Airport,NL,52.3094444274902,4.76194429397583
,,,,,,,,,,,,,,,,,,,,,,,8400332,HFD,Hoofddorp,NL,52.2933349609375,4.70055532455444
,,,,,,,,,,,,,,,,,,,,,,,8400530,RTD,Rotterdam Centraal,NL,51.9249992370605,4.46888875961304
,,,,,,,,,,,,,,,,,,,,,,,8400529,RTB,Rotterdam Blaak,NL,51.9202766418457,4.48888874053955
,,,,,,,,,,,,,,,,,,,,,,,8400533,RTZ,Rotterdam Zuid,NL,51.9044456481934,4.51027774810791
,,,,,,,,,,,,,,,,,,,,,,,8400542,RLB,Rotterdam Lombardijen,NL,51.8800010681152,4.53138875961304
,,,,,,,,,,,,,,,,,,,,,,,8400132,BDPB,Breda-Prinsenbeek,NL,51.606388092041,4.72083330154419
,,,,,,,,,,,,,,,,,,,,,,,8400131,BD,Breda,NL,51.5955543518066,4.78000020980835
,,,,,,,,,,,,,,,,,,,,,,,8821105,NDKP,Noorderkempen,B,51.358088,4.633977
,,,,,,,,,,,,,,,,,,,,,,,8821063,ATWLB,Antwerpen-Luchtbal,B,51.2449375,4.4251543
,,,,,,,,,,,,,,,,,,,,,,,8821006,ATW,Antwerpen-Centraal,B,51.21686,4.421242
,,,,,,,,,,,,,,,,,,,,,,,8821121,BERCH,Antwerpen-Berchem,B,51.198914,4.4332
,,,,,,,,,,,,,,,,,,,,,,,8822004,MECH,Mechelen,B,51.01758,4.48313
,,,,,,,,,,,,,,,,,,,,,,,8812005,BRUSN,Brussel-Noord,B,50.859658,4.360854
,,,,,,,,,,,,,,,,,,,,,,,8813003,BRUSC,Brussel-Centraal,B,50.845175,4.357131
,,,,,,,,,,,,,,,,,,,,,,,8814001,BRUSZ,Brussel-Zuid Midi,B,50.836782,4.336922
,,,,,,,,,,,,,,,,,,,,,,,8722326,LILLEE,Lille Europe,F,50.639444,3.074722
,,,,,,,,,,,,,,,,,,,,,,,7015400,STP,London St. Pancras Int.,GB,51.531437,-0.126136
,,,,,,,,,,,,,,,,,,,,,,,8400058,ASD,Amsterdam Centraal,NL,52.3788871765137,4.90027761459351
,,,,,,,,,,,,,,,,,,,,,,,8400059,ASS,Amsterdam Sloterdijk,NL,52.3888893127441,4.83777761459351
,,,,,,,,,,,,,,,,,,,,,,,8400079,ASDL,Amsterdam Lelylaan,NL,52.3577766418457,4.83388900756836
,,,,,,,,,,,,,,,,,,,,,,,8400561,SHL,Schiphol Airport,NL,52.3094444274902,4.76194429397583
,,,,,,,,,,,,,,,,,,,,,,,8400332,HFD,Hoofddorp,NL,52.2933349609375,4.70055532455444
,,,,,,,,,,,,,,,,,,,,,,,8400530,RTD,Rotterdam Centraal,NL,51.9249992370605,4.46888875961304
,,,,,,,,,,,,,,,,,,,,,,,8400529,RTB,Rotterdam Blaak,NL,51.9202766418457,4.48888874053955
,,,,,,,,,,,,,,,,,,,,,,,8400533,RTZ,Rotterdam Zuid,NL,51.9044456481934,4.51027774810791
,,,,,,,,,,,,,,,,,,,,,,,8400542,RLB,Rotterdam Lombardijen,NL,51.8800010681152,4.53138875961304
,,,,,,,,,,,,,,,,,,,,,,,8821105,NDKP,Noorderkempen,B,51.358088,4.633977
,,,,,,,,,,,,,,,,,,,,,,,8821063,ATWLB,Antwerpen-Luchtbal,B,51.2449375,4.4251543
,,,,,,,,,,,,,,,,,,,,,,,8821006,ATW,Antwerpen-Centraal,B,51.21686,4.421242
,,,,,,,,,,,,,,,,,,,,,,,8821121,BERCH,Antwerpen-Berchem,B,51.198914,4.4332
,,,,,,,,,,,,,,,,,,,,,,,8822004,MECH,Mechelen,B,51.01758,4.48313
,,,,,,,,,,,,,,,,,,,,,,,8812005,BRUSN,Brussel-Noord,B,50.859658,4.360854
,,,,,,,,,,,,,,,,,,,,,,,8813003,BRUSC,Brussel-Centraal,B,50.845175,4.357131
,,,,,,,,,,,,,,,,,,,,,,,8814001,BRUSZ,Brussel-Zuid Midi,B,50.836782,4.336922
,,,,,,,,,,,,,,,,,,,,,,,8727100,PARIS,Paris-Nord,F,48.87977,2.35575
,,,,,,,,,,,,,,,,,,,,,,,8400747,ZL,Zwolle,NL,52.5047225952148,6.09194421768188
,,,,,,,,,,,,,,,,,,,,,,,8400310,HNO,Heino,NL,52.4272232055664,6.22111129760742
,,,,,,,,,,,,,,,,,,,,,,,8400513,RAT,Raalte,NL,52.3916664123535,6.27750015258789
,,,,,,,,,,,,,,,,,,,,,,,8400472,NVD,Nijverdal,NL,52.366111,6.462
,,,,,,,,,,,,,,,,,,,,,,,8400691,WDN,Wierden,NL,52.3613891601562,6.59166669845581
,,,,,,,,,,,,,,,,,,,,,,,8400051,AML,Almelo,NL,52.3580551147461,6.65388870239258
,,,,,,,,,,,,,,,,,,,,,,,8400520,AMRI,Almelo de Riet,NL,52.3419456481934,6.66666650772095
,,,,,,,,,,,,,,,,,,,,,,,8400124,BN,Borne,NL,52.2988891601562,6.74805545806885
,,,,,,,,,,,,,,,,,,,,,,,8400316,HGL,Hengelo,NL,52.2616653442383,6.79388904571533
,,,,,,,,,,,,,,,,,,,,,,,8400221,ESK,Enschede Kennispark,NL,52.2374992370605,6.83888912200928
,,,,,,,,,,,,,,,,,,,,,,,8400212,ES,Enschede,NL,52.2224998474121,6.8899998664856
,,,,,,,,,,,,,,,,,,,,,,,8400173,DV,Deventer,NL,52.2574996948242,6.16055536270142
,,,,,,,,,,,,,,,,,,,,,,,8400185,DVC,Deventer Colmschate,NL,52.2502784729004,6.21444463729858
,,,,,,,,,,,,,,,,,,,,,,,8400328,HON,Holten,NL,52.2838897705078,6.42027759552002
,,,,,,,,,,,,,,,,,,,,,,,8400538,RSN,Rijssen,NL,52.3122215270996,6.52027797698975
,,,,,,,,,,,,,,,,,,,,,,,8400691,WDN,Wierden,NL,52.3613891601562,6.59166669845581
,,,,,,,,,,,,,,,,,,,,,,,8400051,AML,Almelo,NL,52.3580551147461,6.65388870239258
,,,,,,,,,,,,,,,,,,,,,,,8400520,AMRI,Almelo de Riet,NL,52.3419456481934,6.66666650772095
,,,,,,,,,,,,,,,,,,,,,,,8400124,BN,Borne,NL,52.2988891601562,6.74805545806885
,,,,,,,,,,,,,,,,,,,,,,,8400316,HGL,Hengelo,NL,52.2616653442383,6.79388904571533
,,,,,,,,,,,,,,,,,,,,,,,8400221,ESK,Enschede Kennispark,NL,52.2374992370605,6.83888912200928
,,,,,,,,,,,,,,,,,,,,,,,8400212,ES,Enschede,NL,52.2224998474121,6.8899998664856
,,,,,,,,,,,,,,,,,,,,,,,8400263,GN,Groningen,NL,53.2105560302734,6.56472206115723
,,,,,,,,,,,,,,,,,,,,,,,8400264,GNN,Groningen Noord,NL,53.2301469,6.5563172
,,,,,,,,,,,,,,,,,,,,,,,8400547,SWD,Sauwerd,NL,53.29113,6.5404
,,,,,,,,,,,,,,,,,,,,,,,8400697,WSM,Winsum,NL,53.3300994,6.5202905
,,,,,,,,,,,,,,,,,,,,,,,8400089,BF,Baflo,NL,53.3608969,6.5185581
,,,,,,,,,,,,,,,,,,,,,,,8400679,WFM,Warffum,NL,53.3908431,6.5671364
,,,,,,,,,,,,,,,,,,,,,,,8400619,UST,Usquert,NL,53.4014742,6.6093776
,,,,,,,,,,,,,,,,,,,,,,,8400617,UHZ,Uithuizen,NL,53.4099568,6.6748869
,,,,,,,,,,,,,,,,,,,,,,,8400618,UHM,Uithuizermeeden,NL,53.4145845,6.7202975
,,,,,,,,,,,,,,,,,,,,,,,8400525,RD,Roodeschool,NL,53.421262,6.7587
,,,,,,,,,,,,,,,,,,,,,,,8400202,EEM,Eemshaven,NL,53.458419,6.832
,,,,,,,,,,,,,,,,,,,,,,,8400282,GVC,Den Haag Centraal,NL,52.0802764892578,4.32499980926514
,,,,,,,,,,,,,,,,,,,,,,,8400280,GV,Den Haag HS,NL,52.0697212219238,4.32250022888184
,,,,,,,,,,,,,,,,,,,,,,,8400279,GVMW,Den Haag Moerwijk,NL,52.0538902282715,4.3086109161377
,,,,,,,,,,,,,,,,,,,,,,,8400505,RSW,Rijswijk,NL,52.039722442627,4.31916666030884
,,,,,,,,,,,,,,,,,,,,,,,8400170,DT,Delft,NL,52.0066680908203,4.35638904571533
,,,,,,,,,,,,,,,,,,,,,,,8400166,DTCP,Delft Campus,NL,51.9908332824707,4.36472225189209
,,,,,,,,,,,,,,,,,,,,,,,8400553,SDM,Schiedam Centrum,NL,51.9212438128032,4.4089937210083
,,,,,,,,,,,,,,,,,,,,,,,8400530,RTD,Rotterdam Centraal,NL,51.9249992370605,4.46888875961304
,,,,,,,,,,,,,,,,,,,,,,,8400530,RTD,Rotterdam Centraal,NL,51.9249992370605,4.46888875961304
,,,,,,,,,,,,,,,,,,,,,,,8400529,RTB,Rotterdam Blaak,NL,51.9202766418457,4.48888874053955
,,,,,,,,,,,,,,,,,,,,,,,8400533,RTZ,Rotterdam Zuid,NL,51.9044456481934,4.51027774810791
,,,,,,,,,,,,,,,,,,,,,,,8400542,RLB,Rotterdam Lombardijen,NL,51.8800010681152,4.53138875961304
,,,,,,,,,,,,,,,,,,,,,,,8400090,BRD,Barendrecht,NL,51.8547210693359,4.5533332824707
,,,,,,,,,,,,,,,,,,,,,,,8400752,ZWD,Zwijndrecht,NL,51.814998626709,4.64166688919067
,,,,,,,,,,,,,,,,,,,,,,,8400180,DDR,Dordrecht,NL,51.8072204589844,4.66833353042603
,,,,,,,,,,,,,,,,,,,,,,,8400530,RTD,Rotterdam Centraal,NL,51.9249992370605,4.46888875961304
,,,,,,,,,,,,,,,,,,,,,,,8400529,RTB,Rotterdam Blaak,NL,51.9202766418457,4.48888874053955
,,,,,,,,,,,,,,,,,,,,,,,8400533,RTZ,Rotterdam Zuid,NL,51.9044456481934,4.51027774810791
,,,,,,,,,,,,,,,,,,,,,,,8400542,RLB,Rotterdam Lombardijen,NL,51.8800010681152,4.53138875961304
,,,,,,,,,,,,,,,,,,,,,,,8400132,BDPB,Breda-Prinsenbeek,NL,51.606388092041,4.72083330154419
,,,,,,,,,,,,,,,,,,,,,,,8400131,BD,Breda,NL,51.5955543518066,4.78000020980835
,,,,,,,,,,,,,,,,,,,,,,,8400058,ASD,Amsterdam Centraal,NL,52.3788871765137,4.90027761459351
,,,,,,,,,,,,,,,,,,,,,,,8400059,ASS,Amsterdam Sloterdijk,NL,52.3888893127441,4.83777761459351
,,,,,,,,,,,,,,,,,,,,,,,8400079,ASDL,Amsterdam Lelylaan,NL,52.3577766418457,4.83388900756836
,,,,,,,,,,,,,,,,,,,,,,,8400561,SHL,Schiphol Airport,NL,52.3094444274902,4.76194429397583
,,,,,,,,,,,,,,,,,,,,,,,8400332,HFD,Hoofddorp,NL,52.2933349609375,4.70055532455444
,,,,,,,,,,,,,,,,,,,,,,,8400530,RTD,Rotterdam Centraal,NL,51.9249992370605,4.46888875961304
,,,,,,,,,,,,,,,,,,,,,,,8400529,RTB,Rotterdam Blaak,NL,51.9202766418457,4.48888874053955
,,,,,,,,,,,,,,,,,,,,,,,8400533,RTZ,Rotterdam Zuid,NL,51.9044456481934,4.51027774810791
,,,,,,,,,,,,,,,,,,,,,,,8400542,RLB,Rotterdam Lombardijen,NL,51.8800010681152,4.53138875961304
,,,,,,,,,,,,,,,,,,,,,,,8400132,BDPB,Breda-Prinsenbeek,NL,51.606388092041,4.72083330154419
,,,,,,,,,,,,,,,,,,,,,,,8400131,BD,Breda,NL,51.5955543518066,4.78000020980835
,,,,,,,,,,,,,,,,,,,,,,,8821105,NDKP,Noorderkempen,B,51.358088,4.633977
,,,,,,,,,,,,,,,,,,,,,,,8821063,ATWLB,Antwerpen-Luchtbal,B,51.2449375,4.4251543
,,,,,,,,,,,,,,,,,,,,,,,8821006,ATW,Antwerpen-Centraal,B,51.21686,4.421242
,,,,,,,,,,,,,,,,,,,,,,,8821121,BERCH,Antwerpen-Berchem,B,51.198914,4.4332
,,,,,,,,,,,,,,,,,,,,,,,8822004,MECH,Mechelen,B,51.01758,4.48313
,,,,,,,,,,,,,,,,,,,,,,,8812005,BRUSN,Brussel-Noord,B,50.859658,4.360854
,,,,,,,,,,,,,,,,,,,,,,,8813003,BRUSC,Brussel-Centraal,B,50.845175,4.357131
,,,,,,,,,,,,,,,,,,,,,,,8814001,BRUSZ,Brussel-Zuid Midi,B,50.836782,4.336922
,,,,,,,,,,,,,,,,,,,,,,,8400058,ASD,Amsterdam Centraal,NL,52.3788871765137,4.90027761459351
,,,,,,,,,,,,,,,,,,,,,,,8400059,ASS,Amsterdam Sloterdijk,NL,52.3888893127441,4.83777761459351
,,,,,,,,,,,,,,,,,,,,,,,8400079,ASDL,Amsterdam Lelylaan,NL,52.3577766418457,4.83388900756836
,,,,,,,,,,,,,,,,,,,,,,,8400561,SHL,Schiphol Airport,NL,52.3094444274902,4.76194429397583
,,,,,,,,,,,,,,,,,,,,,,,8400332,HFD,Hoofddorp,NL,52.2933349609375,4.70055532455444
,,,,,,,,,,,,,,,,,,,,,,,8400530,RTD,Rotterdam Centraal,NL,51.9249992370605,4.46888875961304
,,,,,,,,,,,,,,,,,,,,,,,8400263,GN,Groningen,NL,53.2105560302734,6.56472206115723
,,,,,,,,,,,,,,,,,,,,,,,8400264,GNN,Groningen Noord,NL,53.2301469,6.5563172
,,,,,,,,,,,,,,,,,,,,,,,8400547,SWD,Sauwerd,NL,53.29113,6.5404
,,,,,,,,,,,,,,,,,,,,,,,8400094,BDM,Bedum,NL,53.3068857,6.593054
,,,,,,,,,,,,,,,,,,,,,,,8400576,STM,Stedum,NL,53.3262092,6.6875551
,,,,,,,,,,,,,,,,,,,,,,,8400403,LP,Loppersum,NL,53.3347145,6.7472625
,,,,,,,,,,,,,,,,,,,,,,,8400067,APG,Appingedam,NL,53.3258135,6.8619577
,,,,,,,,,,,,,,,,,,,,,,,8400175,DZW,Delfzijl West,NL,53.3320834,6.9069092
,,,,,,,,,,,,,,,,,,,,,,,8400171,DZ,Delfzijl,NL,53.3336625,6.9240797
,,,,,,,,,,,,,,,,,,,,,,,8400530,RTD,Rotterdam Centraal,NL,51.9249992370605,4.46888875961304
,,,,,,,,,,,,,,,,,,,,,,,8400529,RTB,Rotterdam Blaak,NL,51.9202766418457,4.48888874053955
,,,,,,,,,,,,,,,,,,,,,,,8400533,RTZ,Rotterdam Zuid,NL,51.9044456481934,4.51027774810791
,,,,,,,,,,,,,,,,,,,,,,,8400542,RLB,Rotterdam Lombardijen,NL,51.8800010681152,4.53138875961304
,,,,,,,,,,,,,,,,,,,,,,,8400090,BRD,Barendrecht,NL,51.8547210693359,4.5533332824707
,,,,,,,,,,,,,,,,,,,,,,,8400752,ZWD,Zwijndrecht,NL,51.814998626709,4.64166688919067
,,,,,,,,,,,,,,,,,,,,,,,8400180,DDR,Dordrecht,NL,51.8072204589844,4.66833353042603
,,,,,,,,,,,,,,,,,,,,,,,8400530,RTD,Rotterdam Centraal,NL,51.9249992370605,4.46888875961304
,,,,,,,,,,,,,,,,,,,,,,,8400531,RTN,Rotterdam Noord,NL,51.9422225952148,4.48166656494141
,,,,,,,,,,,,,,,,,,,,,,,8400507,RTA,Rotterdam Alexander,NL,51.9519462585449,4.55361127853394
,,,,,,,,,,,,,,,,,,,,,,,8400147,CPS,Capelle Schollevaar,NL,51.9541664123535,4.58416652679443
,,,,,,,,,,,,,,,,,,,,,,,8400455,NWK,Nieuwerkerk a/d IJssel,NL,51.9652786254883,4.61694431304932
,,,,,,,,,,,,,,,,,,,,,,,8400258,GD,Gouda,NL,52.0175018310547,4.70444440841675
,,,,,,,,,,,,,,,,,,,,,,,8400280,GV,Den Haag HS,NL,52.0697212219238,4.32250022888184
,,,,,,,,,,,,,,,,,,,,,,,8400279,GVMW,Den Haag Moerwijk,NL,52.0538902282715,4.3086109161377
,,,,,,,,,,,,,,,,,,,,,,,8400505,RSW,Rijswijk,NL,52.039722442627,4.31916666030884
,,,,,,,,,,,,,,,,,,,,,,,8400170,DT,Delft,NL,52.0066680908203,4.35638904571533
,,,,,,,,,,,,,,,,,,,,,,,8400166,DTCP,Delft Campus,NL,51.9908332824707,4.36472225189209
,,,,,,,,,,,,,,,,,,,,,,,8400553,SDM,Schiedam Centrum,NL,51.9212438128032,4.4089937210083
,,,,,,,,,,,,,,,,,,,,,,,8400530,RTD,Rotterdam Centraal,NL,51.9249992370605,4.46888875961304
,,,,,,,,,,,,,,,,,,,,,,,8400058,ASD,Amsterdam Centraal,NL,52.3788871765137,4.90027761459351
,,,,,,,,,,,,,,,,,,,,,,,8400059,ASS,Amsterdam Sloterdijk,NL,52.3888893127441,4.83777761459351
,,,,,,,,,,,,,,,,,,,,,,,8400079,ASDL,Amsterdam Lelylaan,NL,52.3577766418457,4.83388900756836
,,,,,,,,,,,,,,,,,,,,,,,8400561,SHL,Schiphol Airport,NL,52.3094444274902,4.76194429397583
,,,,,,,,,,,,,,,,,,,,,,,8400332,HFD,Hoofddorp,NL,52.2933349609375,4.70055532455444
,,,,,,,,,,,,,,,,,,,,,,,8400530,RTD,Rotterdam Centraal,NL,51.9249992370605,4.46888875961304
,,,,,,,,,,,,,,,,,,,,,,,8400529,RTB,Rotterdam Blaak,NL,51.9202766418457,4.48888874053955
,,,,,,,,,,,,,,,,,,,,,,,8400533,RTZ,Rotterdam Zuid,NL,51.9044456481934,4.51027774810791
,,,,,,,,,,,,,,,,,,,,,,,8400542,RLB,Rotterdam Lombardijen,NL,51.8800010681152,4.53138875961304
,,,,,,,,,,,,,,,,,,,,,,,8400132,BDPB,Breda-Prinsenbeek,NL,51.606388092041,4.72083330154419
,,,,,,,,,,,,,,,,,,,,,,,8400131,BD,Breda,NL,51.5955543518066,4.78000020980835
,,,,,,,,,,,,,,,,,,,,,,,8400058,ASD,Amsterdam Centraal,NL,52.3788871765137,4.90027761459351
,,,,,,,,,,,,,,,,,,,,,,,8400059,ASS,Amsterdam Sloterdijk,NL,52.3888893127441,4.83777761459351
,,,,,,,,,,,,,,,,,,,,,,,8400079,ASDL,Amsterdam Lelylaan,NL,52.3577766418457,4.83388900756836
,,,,,,,,,,,,,,,,,,,,,,,8400561,SHL,Schiphol Airport,NL,52.3094444274902,4.76194429397583
,,,,,,,,,,,,,,,,,,,,,,,8400332,HFD,Hoofddorp,NL,52.2933349609375,4.70055532455444
,,,,,,,,,,,,,,,,,,,,,,,8400530,RTD,Rotterdam Centraal,NL,51.9249992370605,4.46888875961304
,,,,,,,,,,,,,,,,,,,,,,,8400529,RTB,Rotterdam Blaak,NL,51.9202766418457,4.48888874053955
,,,,,,,,,,,,,,,,,,,,,,,8400533,RTZ,Rotterdam Zuid,NL,51.9044456481934,4.51027774810791
,,,,,,,,,,,,,,,,,,,,,,,8400542,RLB,Rotterdam Lombardijen,NL,51.8800010681152,4.53138875961304
,,,,,,,,,,,,,,,,,,,,,,,8400132,BDPB,Breda-Prinsenbeek,NL,51.606388092041,4.72083330154419
,,,,,,,,,,,,,,,,,,,,,,,8400131,BD,Breda,NL,51.5955543518066,4.78000020980835
,,,,,,,,,,,,,,,,,,,,,,,8821105,NDKP,Noorderkempen,B,51.358088,4.633977
,,,,,,,,,,,,,,,,,,,,,,,8821063,ATWLB,Antwerpen-Luchtbal,B,51.2449375,4.4251543
,,,,,,,,,,,,,,,,,,,,,,,8821006,ATW,Antwerpen-Centraal,B,51.21686,4.421242
,,,,,,,,,,,,,,,,,,,,,,,8821121,BERCH,Antwerpen-Berchem,B,51.198914,4.4332
,,,,,,,,,,,,,,,,,,,,,,,8822004,MECH,Mechelen,B,51.01758,4.48313
,,,,,,,,,,,,,,,,,,,,,,,8812005,BRUSN,Brussel-Noord,B,50.859658,4.360854
,,,,,,,,,,,,,,,,,,,,,,,8813003,BRUSC,Brussel-Centraal,B,50.845175,4.357131
,,,,,,,,,,,,,,,,,,,,,,,8814001,BRUSZ,Brussel-Zuid Midi,B,50.836782,4.336922
,,,,,,,,,,,,,,,,,,,,,,,8400526,RSD,Roosendaal,NL,51.5402793884277,4.45833349227905
,,,,,,,,,,,,,,,,,,,,,,,8821402,ESN,Essen,B,51.46261,4.45129
,,,,,,,,,,,,,,,,,,,,,,,8821436,GWD,Wildert,B,51.4277061,4.4633962
,,,,,,,,,,,,,,,,,,,,,,,8821444,FKTH,Kalmthout,B,51.3909989,4.4668202
,,,,,,,,,,,,,,,,,,,,,,,8821451,GKT,Kijkuit,B,51.37867,4.46722
,,,,,,,,,,,,,,,,,,,,,,,8821519,MID,Heide (B),B,51.364828,4.4604308
,,,,,,,,,,,,,,,,,,,,,,,8821535,LKP,Kapellen,B,51.31362,4.43262
,,,,,,,,,,,,,,,,,,,,,,,8821006,ATW,Antwerpen-Centraal,B,51.21686,4.421242
,,,,,,,,,,,,,,,,,,,,,,,8822715,FRP,Puurs,B,51.07716,4.28273
,,,,,,,,,,,,,,,,,,,,,,,8400058,ASD,Amsterdam Centraal,NL,52.3788871765137,4.90027761459351
,,,,,,,,,,,,,,,,,,,,,,,8400059,ASS,Amsterdam Sloterdijk,NL,52.3888893127441,4.83777761459351
,,,,,,,,,,,,,,,,,,,,,,,8400079,ASDL,Amsterdam Lelylaan,NL,52.3577766418457,4.83388900756836
,,,,,,,,,,,,,,,,,,,,,,,8400561,SHL,Schiphol Airport,NL,52.3094444274902,4.76194429397583
,,,,,,,,,,,,,,,,,,,,,,,8400332,HFD,Hoofddorp,NL,52.2933349609375,4.70055532455444
,,,,,,,,,,,,,,,,,,,,,,,8400530,RTD,Rotterdam Centraal,NL,51.9249992370605,4.46888875961304
,,,,,,,,,,,,,,,,,,,,,,,8400529,RTB,Rotterdam Blaak,NL,51.9202766418457,4.48888874053955
,,,,,,,,,,,,,,,,,,,,,,,8400533,RTZ,Rotterdam Zuid,NL,51.9044456481934,4.51027774810791
,,,,,,,,,,,,,,,,,,,,,,,8400542,RLB,Rotterdam Lombardijen,NL,51.8800010681152,4.53138875961304
,,,,,,,,,,,,,,,,,,,,,,,8400132,BDPB,Breda-Prinsenbeek,NL,51.606388092041,4.72083330154419
,,,,,,,,,,,,,,,,,,,,,,,8400131,BD,Breda,NL,51.5955543518066,4.78000020980835
,,,,,,,,,,,,,,,,,,,,,,,8821105,NDKP,Noorderkempen,B,51.358088,4.633977
,,,,,,,,,,,,,,,,,,,,,,,8821063,ATWLB,Antwerpen-Luchtbal,B,51.2449375,4.4251543
,,,,,,,,,,,,,,,,,,,,,,,8821006,ATW,Antwerpen-Centraal,B,51.21686,4.421242
,,,,,,,,,,,,,,,,,,,,,,,8821121,BERCH,Antwerpen-Berchem,B,51.198914,4.4332
,,,,,,,,,,,,,,,,,,,,,,,8822004,MECH,Mechelen,B,51.01758,4.48313
,,,,,,,,,,,,,,,,,,,,,,,8812005,BRUSN,Brussel-Noord,B,50.859658,4.360854
,,,,,,,,,,,,,,,,,,,,,,,8813003,BRUSC,Brussel-Centraal,B,50.845175,4.357131
,,,,,,,,,,,,,,,,,,,,,,,8814001,BRUSZ,Brussel-Zuid Midi,B,50.836782,4.336922
,,,,,,,,,,,,,,,,,,,,,,,8722326,LILLEE,Lille Europe,F,50.639444,3.074722
,,,,,,,,,,,,,,,,,,,,,,,7015400,STP,London St. Pancras Int.,GB,51.531437,-0.126136
,,,,,,,,,,,,,,,,,,,,,,,8400058,ASD,Amsterdam Centraal,NL,52.3788871765137,4.90027761459351
,,,,,,,,,,,,,,,,,,,,,,,8400059,ASS,Amsterdam Sloterdijk,NL,52.3888893127441,4.83777761459351
,,,,,,,,,,,,,,,,,,,,,,,8400079,ASDL,Amsterdam Lelylaan,NL,52.3577766418457,4.83388900756836
,,,,,,,,,,,,,,,,,,,,,,,8400561,SHL,Schiphol Airport,NL,52.3094444274902,4.76194429397583
,,,,,,,,,,,,,,,,,,,,,,,8400332,HFD,Hoofddorp,NL,52.2933349609375,4.70055532455444
,,,,,,,,,,,,,,,,,,,,,,,8400530,RTD,Rotterdam Centraal,NL,51.9249992370605,4.46888875961304
,,,,,,,,,,,,,,,,,,,,,,,8400529,RTB,Rotterdam Blaak,NL,51.9202766418457,4.48888874053955
,,,,,,,,,,,,,,,,,,,,,,,8400533,RTZ,Rotterdam Zuid,NL,51.9044456481934,4.51027774810791
,,,,,,,,,,,,,,,,,,,,,,,8400542,RLB,Rotterdam Lombardijen,NL,51.8800010681152,4.53138875961304
,,,,,,,,,,,,,,,,,,,,,,,8821105,NDKP,Noorderkempen,B,51.358088,4.633977
,,,,,,,,,,,,,,,,,,,,,,,8821063,ATWLB,Antwerpen-Luchtbal,B,51.2449375,4.4251543
,,,,,,,,,,,,,,,,,,,,,,,8821006,ATW,Antwerpen-Centraal,B,51.21686,4.421242
,,,,,,,,,,,,,,,,,,,,,,,8821121,BERCH,Antwerpen-Berchem,B,51.198914,4.4332
,,,,,,,,,,,,,,,,,,,,,,,8822004,MECH,Mechelen,B,51.01758,4.48313
,,,,,,,,,,,,,,,,,,,,,,,8812005,BRUSN,Brussel-Noord,B,50.859658,4.360854
,,,,,,,,,,,,,,,,,,,,,,,8813003,BRUSC,Brussel-Centraal,B,50.845175,4.357131
,,,,,,,,,,,,,,,,,,,,,,,8814001,BRUSZ,Brussel-Zuid Midi,B,50.836782,4.336922
,,,,,,,,,,,,,,,,,,,,,,,8727100,PARIS,Paris-Nord,F,48.87977,2.35575
,,,,,,,,,,,,,,,,,,,,,,,8400561,SHL,Schiphol Airport,NL,52.3094444274902,4.76194429397583
,,,,,,,,,,,,,,,,,,,,,,,8400061,ASDZ,Amsterdam Zuid,NL,52.338889,4.872356
,,,,,,,,,,,,,,,,,,,,,,,8400056,RAI,Amsterdam RAI,NL,52.3372230529785,4.89027786254883
,,,,,,,,,,,,,,,,,,,,,,,8400194,DVD,Duivendrecht,NL,52.3233337402344,4.93638896942139
,,,,,,,,,,,,,,,,,,,,,,,8400163,DMNZ,Diemen Zuid,NL,52.3302764892578,4.95583343505859
,,,,,,,,,,,,,,,,,,,,,,,8400685,WP,Weesp,NL,52.3127784729004,5.04305553436279
,,,,,,,,,,,,,,,,,,,,,,,8400450,AMPO,Almere Poort,NL,52.342778,5.151944
,,,,,,,,,,,,,,,,,,,,,,,8400082,ALMM,Almere Muziekwijk,NL,52.3675003051758,5.19027757644653
,,,,,,,,,,,,,,,,,,,,,,,8400080,ALM,Almere Centrum,NL,52.37503,5.21764
,,,,,,,,,,,,,,,,,,,,,,,8400104,ALMP,Almere Parkwijk,NL,52.3766670227051,5.24472236633301
,,,,,,,,,,,,,,,,,,,,,,,8400081,ALMB,Almere Buiten,NL,52.3941650390625,5.2780556678772
,,,,,,,,,,,,,,,,,,,,,,,8400226,ALMO,Almere Oostvaarders,NL,52.4033317565918,5.30055570602417
,,,,,,,,,,,,,,,,,,,,,,,8400394,LLS,Lelystad Centrum,NL,52.5077781677246,5.47277784347534
,,,,,,,,,,,,,,,,,,,,,,,8400058,ASD,Amsterdam Centraal,NL,52.3788871765137,4.90027761459351
,,,,,,,,,,,,,,,,,,,,,,,8400060,ASDM,Amsterdam Muiderpoort,NL,52.3605537414551,4.93111133575439
,,,,,,,,,,,,,,,,,,,,,,,8400235,ASSP,Amsterdam Science Park,NL,52.35526,4.94651
,,,,,,,,,,,,,,,,,,,,,,,8400165,DMN,Diemen,NL,52.34515,4.967566
,,,,,,,,,,,,,,,,,,,,,,,8400685,WP,Weesp,NL,52.3127784729004,5.04305553436279
,,,,,,,,,,,,,,,,,,,,,,,8400450,AMPO,Almere Poort,NL,52.342778,5.151944
,,,,,,,,,,,,,,,,,,,,,,,8400082,ALMM,Almere Muziekwijk,NL,52.3675003051758,5.19027757644653
,,,,,,,,,,,,,,,,,,,,,,,8400080,ALM,Almere Centrum,NL,52.37503,5.21764
,,,,,,,,,,,,,,,,,,,,,,,8400104,ALMP,Almere Parkwijk,NL,52.3766670227051,5.24472236633301
,,,,,,,,,,,,,,,,,,,,,,,8400081,ALMB,Almere Buiten,NL,52.3941650390625,5.2780556678772
,,,,,,,,,,,,,,,,,,,,,,,8400226,ALMO,Almere Oostvaarders,NL,52.4033317565918,5.30055570602417
,,,,,,,,,,,,,,,,,,,,,,,8400394,LLS,Lelystad Centrum,NL,52.5077781677246,5.47277784347534
,,,,,,,,,,,,,,,,,,,,,,,8400058,ASD,Amsterdam Centraal,NL,52.3788871765137,4.90027761459351
,,,,,,,,,,,,,,,,,,,,,,,8400059,ASS,Amsterdam Sloterdijk,NL,52.3888893127441,4.83777761459351
,,,,,,,,,,,,,,,,,,,,,,,8400400,HWZB,Halfweg-Zwanenburg,NL,52.385935,4.747165
,,,,,,,,,,,,,,,,,,,,,,,8400270,HLMS,Haarlem Spaarnwoude,NL,52.3827781677246,4.67305564880371
,,,,,,,,,,,,,,,,,,,,,,,8400285,HLM,Haarlem,NL,52.3877792358398,4.63833332061768
,,,,,,,,,,,,,,,,,,,,,,,8400621,UT,Utrecht Centraal,NL,52.0888900756836,5.11027765274048
,,,,,,,,,,,,,,,,,,,,,,,8400606,UTVR,Utrecht Vaartsche Rijn,NL,52.078889,5.121667
,,,,,,,,,,,,,,,,,,,,,,,8400141,BNK,Bunnik,NL,52.0630569458008,5.19444465637207
,,,,,,,,,,,,,,,,,,,,,,,8400182,DB,Driebergen-Zeist,NL,52.0652770996094,5.25861120223999
,,,,,,,,,,,,,,,,,,,,,,,8400417,MRN,Maarn,NL,52.0641670227051,5.36999988555908
,,,,,,,,,,,,,,,,,,,,,,,8400637,KLP,Veenendaal-De Klomp,NL,52.0458335876465,5.57388877868652
,,,,,,,,,,,,,,,,,,,,,,,8400200,ED,Ede-Wageningen,NL,52.0277786254883,5.67305564880371
,,,,,,,,,,,,,,,,,,,,,,,8400704,WF,Wolfheze,NL,52.0055541992188,5.7936110496521
,,,,,,,,,,,,,,,,,,,,,,,8400489,OTB,Oosterbeek,NL,51.9949989318848,5.84000015258789
,,,,,,,,,,,,,,,,,,,,,,,8400071,AH,Arnhem Centraal,NL,51.9850006103516,5.89916658401489
,,,,,,,,,,,,,,,,,,,,,,,8400621,UT,Utrecht Centraal,NL,52.0888900756836,5.11027765274048
,,,,,,,,,,,,,,,,,,,,,,,8400606,UTVR,Utrecht Vaartsche Rijn,NL,52.078889,5.121667
,,,,,,,,,,,,,,,,,,,,,,,8400141,BNK,Bunnik,NL,52.0630569458008,5.19444465637207
,,,,,,,,,,,,,,,,,,,,,,,8400182,DB,Driebergen-Zeist,NL,52.0652770996094,5.25861120223999
,,,,,,,,,,,,,,,,,,,,,,,8400417,MRN,Maarn,NL,52.0641670227051,5.36999988555908
,,,,,,,,,,,,,,,,,,,,,,,8400628,VNDW,Veenendaal West,NL,52.0280570983887,5.53138875961304
,,,,,,,,,,,,,,,,,,,,,,,8400627,VNDC,Veenendaal Centrum,NL,52.0200004577637,5.54861116409302
,,,,,,,,,,,,,,,,,,,,,,,8400517,RHN,Rhenen,NL,51.958610534668,5.57833337783814
,,,,,,,,,,,,,,,,,,,,,,,8400058,ASD,Amsterdam Centraal,NL,52.3788871765137,4.90027761459351
,,,,,,,,,,,,,,,,,,,,,,,8400059,ASS,Amsterdam Sloterdijk,NL,52.3888893127441,4.83777761459351
,,,,,,,,,,,,,,,,,,,,,,,8400079,ASDL,Amsterdam Lelylaan,NL,52.3577766418457,4.83388900756836
,,,,,,,,,,,,,,,,,,,,,,,8400561,SHL,Schiphol Airport,NL,52.3094444274902,4.76194429397583
,,,,,,,,,,,,,,,,,,,,,,,8400332,HFD,Hoofddorp,NL,52.2933349609375,4.70055532455444
,,,,,,,,,,,,,,,,,,,,,,,8400460,NVP,Nieuw Vennep,NL,52.2588882446289,4.64555549621582
,,,,,,,,,,,,,,,,,,,,,,,8400603,SSH,Sassenheim,NL,52.215278,4.517222
,,,,,,,,,,,,,,,,,,,,,,,8400390,LEDN,Leiden Centraal,NL,52.1661109924316,4.48166656494141
,,,,,,,,,,,,,,,,,,,,,,,8400061,ASDZ,Amsterdam Zuid,NL,52.338889,4.872356
,,,,,,,,,,,,,,,,,,,,,,,8400561,SHL,Schiphol Airport,NL,52.3094444274902,4.76194429397583
,,,,,,,,,,,,,,,,,,,,,,,8400332,HFD,Hoofddorp,NL,52.2933349609375,4.70055532455444
,,,,,,,,,,,,,,,,,,,,,,,8400460,NVP,Nieuw Vennep,NL,52.2588882446289,4.64555549621582
,,,,,,,,,,,,,,,,,,,,,,,8400603,SSH,Sassenheim,NL,52.215278,4.517222
,,,,,,,,,,,,,,,,,,,,,,,8400390,LEDN,Leiden Centraal,NL,52.1661109924316,4.48166656494141
,,,,,,,,,,,,,,,,,,,,,,,8400188,DVNK,De Vink,NL,52.1472206115723,4.4563889503479
,,,,,,,,,,,,,,,,,,,,,,,8400659,VST,Voorschoten,NL,52.1252784729004,4.43249988555908
,,,,,,,,,,,,,,,,,,,,,,,8400278,GVM,Den Haag Mariahoeve,NL,52.0905570983887,4.36944437026978
,,,,,,,,,,,,,,,,,,,,,,,8400380,LAA,Den Haag Laan v NOI,NL,52.0786094665527,4.34277772903442
,,,,,,,,,,,,,,,,,,,,,,,8400282,GVC,Den Haag Centraal,NL,52.0802764892578,4.32499980926514
,,,,,,,,,,,,,,,,,,,,,,,8400621,UT,Utrecht Centraal,NL,52.0888900756836,5.11027765274048
,,,,,,,,,,,,,,,,,,,,,,,8400606,UTVR,Utrecht Vaartsche Rijn,NL,52.078889,5.121667
,,,,,,,,,,,,,,,,,,,,,,,8400623,UTLN,Utrecht Lunetten,NL,52.0655555725098,5.14416646957397
,,,,,,,,,,,,,,,,,,,,,,,8400340,HTN,Houten,NL,52.03402,5.16821
,,,,,,,,,,,,,,,,,,,,,,,8400335,HTNC,Houten Castellum,NL,52.01701,5.17949
,,,,,,,,,,,,,,,,,,,,,,,8400154,CL,Culemborg,NL,51.9466667175293,5.22694444656372
,,,,,,,,,,,,,,,,,,,,,,,8400244,GDM,Geldermalsen,NL,51.88301,5.27127
,,,,,,,,,,,,,,,,,,,,,,,8400732,ZBM,Zaltbommel,NL,51.8088874816895,5.26333332061768
,,,,,,,,,,,,,,,,,,,,,,,8400319,HT,'s-Hertogenbosch,NL,51.69048,5.29362
,,,,,,,,,,,,,,,,,,,,,,,8400621,UT,Utrecht Centraal,NL,52.0888900756836,5.11027765274048
,,,,,,,,,,,,,,,,,,,,,,,8400606,UTVR,Utrecht Vaartsche Rijn,NL,52.078889,5.121667
,,,,,,,,,,,,,,,,,,,,,,,8400623,UTLN,Utrecht Lunetten,NL,52.0655555725098,5.14416646957397
,,,,,,,,,,,,,,,,,,,,,,,8400340,HTN,Houten,NL,52.03402,5.16821
,,,,,,,,,,,,,,,,,,,,,,,8400335,HTNC,Houten Castellum,NL,52.01701,5.17949
,,,,,,,,,,,,,,,,,,,,,,,8400154,CL,Culemborg,NL,51.9466667175293,5.22694444656372
,,,,,,,,,,,,,,,,,,,,,,,8400244,GDM,Geldermalsen,NL,51.88301,5.27127
,,,,,,,,,,,,,,,,,,,,,,,8400600,TPSW,Tiel Passewaaij,NL,51.8738899230957,5.39222240447998
,,,,,,,,,,,,,,,,,,,,,,,8400596,TL,Tiel,NL,51.8894462585449,5.42222213745117
,,,,,,,,,,,,,,,,,,,,,,,8400055,AMF,Amersfoort Centraal,NL,52.1538887023926,5.37055540084839
,,,,,,,,,,,,,,,,,,,,,,,8400490,HVL,Hoevelaken,NL,52.16652,5.45718
,,,,,,,,,,,,,,,,,,,,,,,8400066,APD,Apeldoorn,NL,52.2091674804687,5.97027778625488
,,,,,,,,,,,,,,,,,,,,,,,8400229,APDO,Apeldoorn Osseveld,NL,52.2152786254883,6.00444459915161
,,,,,,,,,,,,,,,,,,,,,,,8400599,TWL,Twello,NL,52.2377777099609,6.09861087799072
,,,,,,,,,,,,,,,,,,,,,,,8400173,DV,Deventer,NL,52.2574996948242,6.16055536270142
,,,,,,,,,,,,,,,,,,,,,,,8400055,AMF,Amersfoort Centraal,NL,52.1538887023926,5.37055540084839
,,,,,,,,,,,,,,,,,,,,,,,8400054,AMFS,Amersfoort Schothorst,NL,52.1748221374512,5.40388870239258
,,,,,,,,,,,,,,,,,,,,,,,8400228,AVAT,Amersfoort Vathorst,NL,52.1927795410156,5.43388891220093
,,,,,,,,,,,,,,,,,,,,,,,8400469,NKK,Nijkerk,NL,52.2222213745117,5.49388885498047
,,,,,,,,,,,,,,,,,,,,,,,8400509,PT,Putten,NL,52.2649993896484,5.57527780532837
,,,,,,,,,,,,,,,,,,,,,,,8400216,EML,Ermelo,NL,52.3016662597656,5.61472225189209
,,,,,,,,,,,,,,,,,,,,,,,8400294,HD,Harderwijk,NL,52.3375015258789,5.61972236633301
,,,,,,,,,,,,,,,,,,,,,,,8400466,NS,Nunspeet,NL,52.3708343505859,5.78527784347534
,,,,,,,,,,,,,,,,,,,,,,,8400388,HDE,'t Harde,NL,52.4091682,5.893611
,,,,,,,,,,,,,,,,,,,,,,,8400690,WZ,Wezep,NL,52.4541664123535,6.00250005722046
,,,,,,,,,,,,,,,,,,,,,,,8400747,ZL,Zwolle,NL,52.5047225952148,6.09194421768188
,,,,,,,,,,,,,,,,,,,,,,,8400263,GN,Groningen,NL,53.2105560302734,6.56472206115723
,,,,,,,,,,,,,,,,,,,,,,,8400264,GNN,Groningen Noord,NL,53.2301469,6.5563172
,,,,,,,,,,,,,,,,,,,,,,,8400547,SWD,Sauwerd,NL,53.29113,6.5404
,,,,,,,,,,,,,,,,,,,,,,,8400697,WSM,Winsum,NL,53.3300994,6.5202905
,,,,,,,,,,,,,,,,,,,,,,,8400089,BF,Baflo,NL,53.3608969,6.5185581
,,,,,,,,,,,,,,,,,,,,,,,8400679,WFM,Warffum,NL,53.3908431,6.5671364
,,,,,,,,,,,,,,,,,,,,,,,8400619,UST,Usquert,NL,53.4014742,6.6093776
,,,,,,,,,,,,,,,,,,,,,,,8400617,UHZ,Uithuizen,NL,53.4099568,6.6748869
,,,,,,,,,,,,,,,,,,,,,,,8400618,UHM,Uithuizermeeden,NL,53.4145845,6.7202975
,,,,,,,,,,,,,,,,,,,,,,,8400525,RD,Roodeschool,NL,53.421262,6.7587
,,,,,,,,,,,,,,,,,,,,,,,8400202,EEM,Eemshaven,NL,53.458419,6.832
,,,,,,,,,,,,,,,,,,,,,,,8400263,GN,Groningen,NL,53.2105560302734,6.56472206115723
,,,,,,,,,,,,,,,,,,,,,,,8400264,GNN,Groningen Noord,NL,53.2301469,6.5563172
,,,,,,,,,,,,,,,,,,,,,,,8400547,SWD,Sauwerd,NL,53.29113,6.5404
,,,,,,,,,,,,,,,,,,,,,,,8400697,WSM,Winsum,NL,53.3300994,6.5202905
,,,,,,,,,,,,,,,,,,,,,,,8400089,BF,Baflo,NL,53.3608969,6.5185581
,,,,,,,,,,,,,,,,,,,,,,,8400679,WFM,Warffum,NL,53.3908431,6.5671364
,,,,,,,,,,,,,,,,,,,,,,,8400619,UST,Usquert,NL,53.4014742,6.6093776
,,,,,,,,,,,,,,,,,,,,,,,8400617,UHZ,Uithuizen,NL,53.4099568,6.6748869
,,,,,,,,,,,,,,,,,,,,,,,8400618,UHM,Uithuizermeeden,NL,53.4145845,6.7202975
,,,,,,,,,,,,,,,,,,,,,,,8400525,RD,Roodeschool,NL,53.421262,6.7587
,,,,,,,,,,,,,,,,,,,,,,,8400202,EEM,Eemshaven,NL,53.458419,6.832
,,,,,,,,,,,,,,,,,,,,,,,8400263,GN,Groningen,NL,53.2105560302734,6.56472206115723
,,,,,,,,,,,,,,,,,,,,,,,8400264,GNN,Groningen Noord,NL,53.2301469,6.5563172
,,,,,,,,,,,,,,,,,,,,,,,8400547,SWD,Sauwerd,NL,53.29113,6.5404
,,,,,,,,,,,,,,,,,,,,,,,8400094,BDM,Bedum,NL,53.3068857,6.593054
,,,,,,,,,,,,,,,,,,,,,,,8400576,STM,Stedum,NL,53.3262092,6.6875551
,,,,,,,,,,,,,,,,,,,,,,,8400403,LP,Loppersum,NL,53.3347145,6.7472625
,,,,,,,,,,,,,,,,,,,,,,,8400067,APG,Appingedam,NL,53.3258135,6.8619577
,,,,,,,,,,,,,,,,,,,,,,,8400175,DZW,Delfzijl West,NL,53.3320834,6.9069092
,,,,,,,,,,,,,,,,,,,,,,,8400171,DZ,Delfzijl,NL,53.3336625,6.9240797
,,,,,,,,,,,,,,,,,,,,,,,8400058,ASD,Amsterdam Centraal,NL,52.3788871765137,4.90027761459351
,,,,,,,,,,,,,,,,,,,,,,,8400059,ASS,Amsterdam Sloterdijk,NL,52.3888893127441,4.83777761459351
,,,,,,,,,,,,,,,,,,,,,,,8400079,ASDL,Amsterdam Lelylaan,NL,52.3577766418457,4.83388900756836
,,,,,,,,,,,,,,,,,,,,,,,8400561,SHL,Schiphol Airport,NL,52.3094444274902,4.76194429397583
,,,,,,,,,,,,,,,,,,,,,,,8400332,HFD,Hoofddorp,NL,52.2933349609375,4.70055532455444
,,,,,,,,,,,,,,,,,,,,,,,8400460,NVP,Nieuw Vennep,NL,52.2588882446289,4.64555549621582
,,,,,,,,,,,,,,,,,,,,,,,8400603,SSH,Sassenheim,NL,52.215278,4.517222
,,,,,,,,,,,,,,,,,,,,,,,8400390,LEDN,Leiden Centraal,NL,52.1661109924316,4.48166656494141
,,,,,,,,,,,,,,,,,,,,,,,8400332,HFD,Hoofddorp,NL,52.2933349609375,4.70055532455444
,,,,,,,,,,,,,,,,,,,,,,,8400561,SHL,Schiphol Airport,NL,52.3094444274902,4.76194429397583
,,,,,,,,,,,,,,,,,,,,,,,8400061,ASDZ,Amsterdam Zuid,NL,52.338889,4.872356
,,,,,,,,,,,,,,,,,,,,,,,8400056,RAI,Amsterdam RAI,NL,52.3372230529785,4.89027786254883
,,,,,,,,,,,,,,,,,,,,,,,8400194,DVD,Duivendrecht,NL,52.3233337402344,4.93638896942139
,,,,,,,,,,,,,,,,,,,,,,,8400163,DMNZ,Diemen Zuid,NL,52.3302764892578,4.95583343505859
,,,,,,,,,,,,,,,,,,,,,,,8400685,WP,Weesp,NL,52.3127784729004,5.04305553436279
,,,,,,,,,,,,,,,,,,,,,,,8400450,AMPO,Almere Poort,NL,52.342778,5.151944
,,,,,,,,,,,,,,,,,,,,,,,8400082,ALMM,Almere Muziekwijk,NL,52.3675003051758,5.19027757644653
,,,,,,,,,,,,,,,,,,,,,,,8400080,ALM,Almere Centrum,NL,52.37503,5.21764
,,,,,,,,,,,,,,,,,,,,,,,8400104,ALMP,Almere Parkwijk,NL,52.3766670227051,5.24472236633301
,,,,,,,,,,,,,,,,,,,,,,,8400081,ALMB,Almere Buiten,NL,52.3941650390625,5.2780556678772
,,,,,,,,,,,,,,,,,,,,,,,8400226,ALMO,Almere Oostvaarders,NL,52.4033317565918,5.30055570602417
,,,,,,,,,,,,,,,,,,,,,,,8400058,ASD,Amsterdam Centraal,NL,52.3788871765137,4.90027761459351
,,,,,,,,,,,,,,,,,,,,,,,8400059,ASS,Amsterdam Sloterdijk,NL,52.3888893127441,4.83777761459351
,,,,,,,,,,,,,,,,,,,,,,,8400079,ASDL,Amsterdam Lelylaan,NL,52.3577766418457,4.83388900756836
,,,,,,,,,,,,,,,,,,,,,,,8400561,SHL,Schiphol Airport,NL,52.3094444274902,4.76194429397583
,,,,,,,,,,,,,,,,,,,,,,,8400332,HFD,Hoofddorp,NL,52.2933349609375,4.70055532455444
,,,,,,,,,,,,,,,,,,,,,,,8400460,NVP,Nieuw Vennep,NL,52.2588882446289,4.64555549621582
,,,,,,,,,,,,,,,,,,,,,,,8400603,SSH,Sassenheim,NL,52.215278,4.517222
,,,,,,,,,,,,,,,,,,,,,,,8400390,LEDN,Leiden Centraal,NL,52.1661109924316,4.48166656494141
,,,,,,,,,,,,,,,,,,,,,,,8400050,AMR,Alkmaar,NL,52.6377792358398,4.73972225189209
,,,,,,,,,,,,,,,,,,,,,,,8400052,AMRN,Alkmaar Noord,NL,52.6438903808594,4.76416683197022
,,,,,,,,,,,,,,,,,,,,,,,8400306,HWD,Heerhugowaard,NL,52.6697235107422,4.82277774810791
,,,,,,,,,,,,,,,,,,,,,,,8400549,SGN,Schagen,NL,52.7844429016113,4.80527782440186
,,,,,,,,,,,,,,,,,,,,,,,8400065,ANA,Anna Paulowna,NL,52.8672218322754,4.81111097335815
,,,,,,,,,,,,,,,,,,,,,,,8400303,HDRZ,Den Helder Zuid,NL,52.9324989318848,4.76416683197022
,,,,,,,,,,,,,,,,,,,,,,,8400311,HDR,Den Helder,NL,52.9552764892578,4.76111125946045
,,,,,,,,,,,,,,,,,,,,,,,8400050,AMR,Alkmaar,NL,52.6377792358398,4.73972225189209
,,,,,,,,,,,,,,,,,,,,,,,8400052,AMRN,Alkmaar Noord,NL,52.6438903808594,4.76416683197022
,,,,,,,,,,,,,,,,,,,,,,,8400306,HWD,Heerhugowaard,NL,52.6697235107422,4.82277774810791
,,,,,,,,,,,,,,,,,,,,,,,8400480,OBD,Obdam,NL,52.6780548095703,4.90722227096558
,,,,,,,,,,,,,,,,,,,,,,,8400337,HN,Hoorn,NL,52.6447219848633,5.05555534362793
,,,,,,,,,,,,,,,,,,,,,,,8400258,GD,Gouda,NL,52.0175018310547,4.70444440841675
,,,,,,,,,,,,,,,,,,,,,,,8400135,LLZM,Lansingerland-Zoetermeer,NL,52.042222,4.517222
,,,,,,,,,,,,,,,,,,,,,,,8400740,ZTMO,Zoetermeer Oost,NL,52.0463905334473,4.49277782440186
,,,,,,,,,,,,,,,,,,,,,,,8400741,ZTM,Zoetermeer,NL,52.0475006103516,4.47722244262695
,,,,,,,,,,,,,,,,,,,,,,,8400379,YPB,Den Haag Ypenburg,NL,52.0552787780762,4.39222240447998
,,,,,,,,,,,,,,,,,,,,,,,8400658,VB,Voorburg,NL,52.0666656494141,4.3594446182251
,,,,,,,,,,,,,,,,,,,,,,,8400282,GVC,Den Haag Centraal,NL,52.0802764892578,4.32499980926514
,,,,,,,,,,,,,,,,,,,,,,,8400058,ASD,Amsterdam Centraal,NL,52.3788871765137,4.90027761459351
,,,,,,,,,,,,,,,,,,,,,,,8400059,ASS,Amsterdam Sloterdijk,NL,52.3888893127441,4.83777761459351
,,,,,,,,,,,,,,,,,,,,,,,8400079,ASDL,Amsterdam Lelylaan,NL,52.3577766418457,4.83388900756836
,,,,,,,,,,,,,,,,,,,,,,,8400561,SHL,Schiphol Airport,NL,52.3094444274902,4.76194429397583
,,,,,,,,,,,,,,,,,,,,,,,8400332,HFD,Hoofddorp,NL,52.2933349609375,4.70055532455444
,,,,,,,,,,,,,,,,,,,,,,,8400530,RTD,Rotterdam Centraal,NL,51.9249992370605,4.46888875961304
,,,,,,,,,,,,,,,,,,,,,,,8400529,RTB,Rotterdam Blaak,NL,51.9202766418457,4.48888874053955
,,,,,,,,,,,,,,,,,,,,,,,8400533,RTZ,Rotterdam Zuid,NL,51.9044456481934,4.51027774810791
,,,,,,,,,,,,,,,,,,,,,,,8400542,RLB,Rotterdam Lombardijen,NL,51.8800010681152,4.53138875961304
,,,,,,,,,,,,,,,,,,,,,,,8400132,BDPB,Breda-Prinsenbeek,NL,51.606388092041,4.72083330154419
,,,,,,,,,,,,,,,,,,,,,,,8400131,BD,Breda,NL,51.5955543518066,4.78000020980835
,,,,,,,,,,,,,,,,,,,,,,,8821105,NDKP,Noorderkempen,B,51.358088,4.633977
,,,,,,,,,,,,,,,,,,,,,,,8821063,ATWLB,Antwerpen-Luchtbal,B,51.2449375,4.4251543
,,,,,,,,,,,,,,,,,,,,,,,8821006,ATW,Antwerpen-Centraal,B,51.21686,4.421242
,,,,,,,,,,,,,,,,,,,,,,,8821121,BERCH,Antwerpen-Berchem,B,51.198914,4.4332
,,,,,,,,,,,,,,,,,,,,,,,8822004,MECH,Mechelen,B,51.01758,4.48313
,,,,,,,,,,,,,,,,,,,,,,,8812005,BRUSN,Brussel-Noord,B,50.859658,4.360854
,,,,,,,,,,,,,,,,,,,,,,,8813003,BRUSC,Brussel-Centraal,B,50.845175,4.357131
,,,,,,,,,,,,,,,,,,,,,,,8814001,BRUSZ,Brussel-Zuid Midi,B,50.836782,4.336922
,,,,,,,,,,,,,,,,,,,,,,,8722326,LILLEE,Lille Europe,F,50.639444,3.074722
,,,,,,,,,,,,,,,,,,,,,,,7015400,STP,London St. Pancras Int.,GB,51.531437,-0.126136
,,,,,,,,,,,,,,,,,,,,,,,8400058,ASD,Amsterdam Centraal,NL,52.3788871765137,4.90027761459351
,,,,,,,,,,,,,,,,,,,,,,,8400059,ASS,Amsterdam Sloterdijk,NL,52.3888893127441,4.83777761459351
,,,,,,,,,,,,,,,,,,,,,,,8400079,ASDL,Amsterdam Lelylaan,NL,52.3577766418457,4.83388900756836
,,,,,,,,,,,,,,,,,,,,,,,8400561,SHL,Schiphol Airport,NL,52.3094444274902,4.76194429397583
,,,,,,,,,,,,,,,,,,,,,,,8400332,HFD,Hoofddorp,NL,52.2933349609375,4.70055532455444
,,,,,,,,,,,,,,,,,,,,,,,8400530,RTD,Rotterdam Centraal,NL,51.9249992370605,4.46888875961304
,,,,,,,,,,,,,,,,,,,,,,,8400529,RTB,Rotterdam Blaak,NL,51.9202766418457,4.48888874053955
,,,,,,,,,,,,,,,,,,,,,,,8400533,RTZ,Rotterdam Zuid,NL,51.9044456481934,4.51027774810791
,,,,,,,,,,,,,,,,,,,,,,,8400542,RLB,Rotterdam Lombardijen,NL,51.8800010681152,4.53138875961304
,,,,,,,,,,,,,,,,,,,,,,,8821105,NDKP,Noorderkempen,B,51.358088,4.633977
,,,,,,,,,,,,,,,,,,,,,,,8821063,ATWLB,Antwerpen-Luchtbal,B,51.2449375,4.4251543
,,,,,,,,,,,,,,,,,,,,,,,8821006,ATW,Antwerpen-Centraal,B,51.21686,4.421242
,,,,,,,,,,,,,,,,,,,,,,,8821121,BERCH,Antwerpen-Berchem,B,51.198914,4.4332
,,,,,,,,,,,,,,,,,,,,,,,8822004,MECH,Mechelen,B,51.01758,4.48313
,,,,,,,,,,,,,,,,,,,,,,,8812005,BRUSN,Brussel-Noord,B,50.859658,4.360854
,,,,,,,,,,,,,,,,,,,,,,,8813003,BRUSC,Brussel-Centraal,B,50.845175,4.357131
,,,,,,,,,,,,,,,,,,,,,,,8814001,BRUSZ,Brussel-Zuid Midi,B,50.836782,4.336922
,,,,,,,,,,,,,,,,,,,,,,,8727100,PARIS,Paris-Nord,F,48.87977,2.35575
,,,,,,,,,,,,,,,,,,,,,,,8400470,NM,Nijmegen,NL,51.8436126708984,5.85222244262695
,,,,,,,,,,,,,,,,,,,,,,,8400468,NMH,Nijmegen Heyendaal,NL,51.8269462585449,5.86749982833862
,,,,,,,,,,,,,,,,,,,,,,,8400446,MMLH,Mook-Molenhoek,NL,51.766262,5.879133
,,,,,,,,,,,,,,,,,,,,,,,8400155,CK,Cuijk,NL,51.7266825879048,5.87429523468017
,,,,,,,,,,,,,,,,,,,,,,,8400128,BMR,Boxmeer,NL,51.6445217676531,5.93903303146362
,,,,,,,,,,,,,,,,,,,,,,,8400647,VLB,Vierlingsbeek,NL,51.59193,5.99714
,,,,,,,,,,,,,,,,,,,,,,,8400646,VRY,Venray,NL,51.526568099007,6.01417779922485
,,,,,,,,,,,,,,,,,,,,,,,8400117,BR,Blerick,NL,51.372501373291,6.15500020980835
,,,,,,,,,,,,,,,,,,,,,,,8400644,VL,Venlo,NL,51.3636093139648,6.17277765274048
,,,,,,,,,,,,,,,,,,,,,,,8400470,NM,Nijmegen,NL,51.8436126708984,5.85222244262695
,,,,,,,,,,,,,,,,,,,,,,,8400468,NMH,Nijmegen Heyendaal,NL,51.8269462585449,5.86749982833862
,,,,,,,,,,,,,,,,,,,,,,,8400446,MMLH,Mook-Molenhoek,NL,51.766262,5.879133
,,,,,,,,,,,,,,,,,,,,,,,8400155,CK,Cuijk,NL,51.7266825879048,5.87429523468017
,,,,,,,,,,,,,,,,,,,,,,,8400128,BMR,Boxmeer,NL,51.6445217676531,5.93903303146362
,,,,,,,,,,,,,,,,,,,,,,,8400647,VLB,Vierlingsbeek,NL,51.59193,5.99714
,,,,,,,,,,,,,,,,,,,,,,,8400646,VRY,Venray,NL,51.526568099007,6.01417779922485
,,,,,,,,,,,,,,,,,,,,,,,8400117,BR,Blerick,NL,51.372501373291,6.15500020980835
,,,,,,,,,,,,,,,,,,,,,,,8400644,VL,Venlo,NL,51.3636093139648,6.17277765274048
,,,,,,,,,,,,,,,,,,,,,,,8400055,AMF,Amersfoort Centraal,NL,52.1538887023926,5.37055540084839
,,,,,,,,,,,,,,,,,,,,,,,8400054,AMFS,Amersfoort Schothorst,NL,52.1748221374512,5.40388870239258
,,,,,,,,,,,,,,,,,,,,,,,8400228,AVAT,Amersfoort Vathorst,NL,52.1927795410156,5.43388891220093
,,,,,,,,,,,,,,,,,,,,,,,8400469,NKK,Nijkerk,NL,52.2222213745117,5.49388885498047
,,,,,,,,,,,,,,,,,,,,,,,8400509,PT,Putten,NL,52.2649993896484,5.57527780532837
,,,,,,,,,,,,,,,,,,,,,,,8400216,EML,Ermelo,NL,52.3016662597656,5.61472225189209
,,,,,,,,,,,,,,,,,,,,,,,8400294,HD,Harderwijk,NL,52.3375015258789,5.61972236633301
,,,,,,,,,,,,,,,,,,,,,,,8400466,NS,Nunspeet,NL,52.3708343505859,5.78527784347534
,,,,,,,,,,,,,,,,,,,,,,,8400388,HDE,'t Harde,NL,52.4091682,5.893611
,,,,,,,,,,,,,,,,,,,,,,,8400690,WZ,Wezep,NL,52.4541664123535,6.00250005722046
,,,,,,,,,,,,,,,,,,,,,,,8400747,ZL,Zwolle,NL,52.5047225952148,6.09194421768188
,,,,,,,,,,,,,,,,,,,,,,,8400058,ASD,Amsterdam Centraal,NL,52.3788871765137,4.90027761459351
,,,,,,,,,,,,,,,,,,,,,,,8400059,ASS,Amsterdam Sloterdijk,NL,52.3888893127441,4.83777761459351
,,,,,,,,,,,,,,,,,,,,,,,8400079,ASDL,Amsterdam Lelylaan,NL,52.3577766418457,4.83388900756836
,,,,,,,,,,,,,,,,,,,,,,,8400561,SHL,Schiphol Airport,NL,52.3094444274902,4.76194429397583
,,,,,,,,,,,,,,,,,,,,,,,8400332,HFD,Hoofddorp,NL,52.2933349609375,4.70055532455444
,,,,,,,,,,,,,,,,,,,,,,,8400332,HFD,Hoofddorp,NL,52.2933349609375,4.70055532455444
,,,,,,,,,,,,,,,,,,,,,,,8400561,SHL,Schiphol Airport,NL,52.3094444274902,4.76194429397583
,,,,,,,,,,,,,,,,,,,,,,,8400061,ASDZ,Amsterdam Zuid,NL,52.338889,4.872356
,,,,,,,,,,,,,,,,,,,,,,,8400056,RAI,Amsterdam RAI,NL,52.3372230529785,4.89027786254883
,,,,,,,,,,,,,,,,,,,,,,,8400194,DVD,Duivendrecht,NL,52.3233337402344,4.93638896942139
,,,,,,,,,,,,,,,,,,,,,,,8400163,DMNZ,Diemen Zuid,NL,52.3302764892578,4.95583343505859
,,,,,,,,,,,,,,,,,,,,,,,8400685,WP,Weesp,NL,52.3127784729004,5.04305553436279
,,,,,,,,,,,,,,,,,,,,,,,8400452,NDB,Naarden-Bussum,NL,52.2802772521973,5.15694427490234
,,,,,,,,,,,,,,,,,,,,,,,8400145,BSMZ,Bussum Zuid,NL,52.2658348083496,5.16305541992188
,,,,,,,,,,,,,,,,,,,,,,,8400324,HVSM,Hilversum Media Park,NL,52.2380561828613,5.17388868331909
,,,,,,,,,,,,,,,,,,,,,,,8400322,HVS,Hilversum,NL,52.2258338928223,5.18194437026978
,,,,,,,,,,,,,,,,,,,,,,,8400280,GV,Den Haag HS,NL,52.0697212219238,4.32250022888184
,,,,,,,,,,,,,,,,,,,,,,,8400279,GVMW,Den Haag Moerwijk,NL,52.0538902282715,4.3086109161377
,,,,,,,,,,,,,,,,,,,,,,,8400505,RSW,Rijswijk,NL,52.039722442627,4.31916666030884
,,,,,,,,,,,,,,,,,,,,,,,8400170,DT,Delft,NL,52.0066680908203,4.35638904571533
,,,,,,,,,,,,,,,,,,,,,,,8400166,DTCP,Delft Campus,NL,51.9908332824707,4.36472225189209
,,,,,,,,,,,,,,,,,,,,,,,8400553,SDM,Schiedam Centrum,NL,51.9212438128032,4.4089937210083
,,,,,,,,,,,,,,,,,,,,,,,8400530,RTD,Rotterdam Centraal,NL,51.9249992370605,4.46888875961304
,,,,,,,,,,,,,,,,,,,,,,,8400058,ASD,Amsterdam Centraal,NL,52.3788871765137,4.90027761459351
,,,,,,,,,,,,,,,,,,,,,,,8400060,ASDM,Amsterdam Muiderpoort,NL,52.3605537414551,4.93111133575439
,,,,,,,,,,,,,,,,,,,,,,,8400235,ASSP,Amsterdam Science Park,NL,52.35526,4.94651
,,,,,,,,,,,,,,,,,,,,,,,8400165,DMN,Diemen,NL,52.34515,4.967566
,,,,,,,,,,,,,,,,,,,,,,,8400685,WP,Weesp,NL,52.3127784729004,5.04305553436279
,,,,,,,,,,,,,,,,,,,,,,,8400450,AMPO,Almere Poort,NL,52.342778,5.151944
,,,,,,,,,,,,,,,,,,,,,,,8400082,ALMM,Almere Muziekwijk,NL,52.3675003051758,5.19027757644653
,,,,,,,,,,,,,,,,,,,,,,,8400080,ALM,Almere Centrum,NL,52.37503,5.21764
,,,,,,,,,,,,,,,,,,,,,,,8400058,ASD,Amsterdam Centraal,NL,52.3788871765137,4.90027761459351
,,,,,,,,,,,,,,,,,,,,,,,8400060,ASDM,Amsterdam Muiderpoort,NL,52.3605537414551,4.93111133575439
,,,,,,,,,,,,,,,,,,,,,,,8400235,ASSP,Amsterdam Science Park,NL,52.35526,4.94651
,,,,,,,,,,,,,,,,,,,,,,,8400165,DMN,Diemen,NL,52.34515,4.967566
,,,,,,,,,,,,,,,,,,,,,,,8400685,WP,Weesp,NL,52.3127784729004,5.04305553436279
,,,,,,,,,,,,,,,,,,,,,,,8400452,NDB,Naarden-Bussum,NL,52.2802772521973,5.15694427490234
,,,,,,,,,,,,,,,,,,,,,,,8400145,BSMZ,Bussum Zuid,NL,52.2658348083496,5.16305541992188
,,,,,,,,,,,,,,,,,,,,,,,8400324,HVSM,Hilversum Media Park,NL,52.2380561828613,5.17388868331909
,,,,,,,,,,,,,,,,,,,,,,,8400322,HVS,Hilversum,NL,52.2258338928223,5.18194437026978
,,,,,,,,,,,,,,,,,,,,,,,8400086,BRN,Baarn,NL,52.2083320617676,5.28083324432373
,,,,,,,,,,,,,,,,,,,,,,,8400055,AMF,Amersfoort Centraal,NL,52.1538887023926,5.37055540084839
,,,,,,,,,,,,,,,,,,,,,,,8400058,ASD,Amsterdam Centraal,NL,52.3788871765137,4.90027761459351
,,,,,,,,,,,,,,,,,,,,,,,8400060,ASDM,Amsterdam Muiderpoort,NL,52.3605537414551,4.93111133575439
,,,,,,,,,,,,,,,,,,,,,,,8400235,ASSP,Amsterdam Science Park,NL,52.35526,4.94651
,,,,,,,,,,,,,,,,,,,,,,,8400165,DMN,Diemen,NL,52.34515,4.967566
,,,,,,,,,,,,,,,,,,,,,,,8400685,WP,Weesp,NL,52.3127784729004,5.04305553436279
,,,,,,,,,,,,,,,,,,,,,,,8400452,NDB,Naarden-Bussum,NL,52.2802772521973,5.15694427490234
,,,,,,,,,,,,,,,,,,,,,,,8400145,BSMZ,Bussum Zuid,NL,52.2658348083496,5.16305541992188
,,,,,,,,,,,,,,,,,,,,,,,8400324,HVSM,Hilversum Media Park,NL,52.2380561828613,5.17388868331909
,,,,,,,,,,,,,,,,,,,,,,,8400322,HVS,Hilversum,NL,52.2258338928223,5.18194437026978
,,,,,,,,,,,,,,,,,,,,,,,8400086,BRN,Baarn,NL,52.2083320617676,5.28083324432373
,,,,,,,,,,,,,,,,,,,,,,,8400055,AMF,Amersfoort Centraal,NL,52.1538887023926,5.37055540084839
,,,,,,,,,,,,,,,,,,,,,,,8400490,HVL,Hoevelaken,NL,52.16652,5.45718
,,,,,,,,,,,,,,,,,,,,,,,8400066,APD,Apeldoorn,NL,52.2091674804687,5.97027778625488
,,,,,,,,,,,,,,,,,,,,,,,8400229,APDO,Apeldoorn Osseveld,NL,52.2152786254883,6.00444459915161
,,,,,,,,,,,,,,,,,,,,,,,8400599,TWL,Twello,NL,52.2377777099609,6.09861087799072
,,,,,,,,,,,,,,,,,,,,,,,8400173,DV,Deventer,NL,52.2574996948242,6.16055536270142
,,,,,,,,,,,,,,,,,,,,,,,8400185,DVC,Deventer Colmschate,NL,52.2502784729004,6.21444463729858
,,,,,,,,,,,,,,,,,,,,,,,8400328,HON,Holten,NL,52.2838897705078,6.42027759552002
,,,,,,,,,,,,,,,,,,,,,,,8400538,RSN,Rijssen,NL,52.3122215270996,6.52027797698975
,,,,,,,,,,,,,,,,,,,,,,,8400691,WDN,Wierden,NL,52.3613891601562,6.59166669845581
,,,,,,,,,,,,,,,,,,,,,,,8400051,AML,Almelo,NL,52.3580551147461,6.65388870239258
,,,,,,,,,,,,,,,,,,,,,,,8400520,AMRI,Almelo de Riet,NL,52.3419456481934,6.66666650772095
,,,,,,,,,,,,,,,,,,,,,,,8400124,BN,Borne,NL,52.2988891601562,6.74805545806885
,,,,,,,,,,,,,,,,,,,,,,,8400316,HGL,Hengelo,NL,52.2616653442383,6.79388904571533
,,,,,,,,,,,,,,,,,,,,,,,8400312,HGLO,Hengelo Oost,NL,52.2688903808594,6.81944465637207
,,,,,,,,,,,,,,,,,,,,,,,8400483,ODZ,Oldenzaal,NL,52.3063888549805,6.93472242355347
,,,,,,,,,,,,,,,,,,,,,,,8021156,BH,Bad Bentheim,D,52.309685595156,7.15853691101074
,,,,,,,,,,,,,,,,,,,,,,,8021067,RHEINE,Rheine,D,52.276299,7.434255
,,,,,,,,,,,,,,,,,,,,,,,8021025,OSNH,Osnabrück Hbf,D,52.272851,8.061781
,,,,,,,,,,,,,,,,,,,,,,,8013552,HANN,Hannover Hbf,D,52.3770401,9.7416759
,,,,,,,,,,,,,,,,,,,,,,,8065969,BERHBL,Berlin Hbf,D,52.52503,13.36946
