UICCode,stationType,EVACode,code,cdCode,sporen,synoniemen,heeftFaciliteiten,heeftVertrektijden,heeftReisassistentie,land,lat,lng,radius,naderenRadius,ingangsDatum,namen.lang,namen.middel,namen.kort,nearbyMeLocationId.value,nearbyMeLocationId.type
8400301,FACULTATIEF_STATION,8400020,HRY,301,"[{'spoorNummer': '1'}, {'spoorNummer': '2'}]",['It Hearrenfean IIsstadium'],True,False,True,NL,52.9352760314941,5.94388866424561,200,1200,2001-06-10,Heerenveen IJsstadion,IJsstadion,IJsstadion,HRY,stationV2
8400534,FACULTATIEF_STATION,8400015,RTST,534,"[{'spoorNummer': '3a'}, {'spoorNummer': '3b'}, {'spoorNummer': '4a'}, {'spoorNummer': '4b'}]",[],True,False,True,NL,51.8938903808594,4.51972198486328,200,1200,2007-12-09,Rotterdam Stadion,R'dam Stadion,R'dam Sta,RTST,stationV2
8400058,MEGA_STATION,8400058,ASD,58,"[{'spoorNummer': '1'}, {'spoorNummer': '2'}, {'spoorNummer': '2a'}, {'spoorNummer': '2b'}, {'spoorNummer': '4'}, {'spoorNummer': '4a'}, {'spoorNummer': '4b'}, {'spoorNummer': '5'}, {'spoorNummer': '5a'}, {'spoorNummer': '5b'}, {'spoorNummer': '7'}, {'spoorNummer': '7a'}, {'spoorNummer': '7b'}, {'spoorNummer': '8'}, {'spoorNummer': '8a'}, {'spoorNummer': '8b'}, {'spoorNummer': '10'}, {'spoorNummer': '10a'}, {'spoorNummer': '10b'}, {'spoorNummer': '11'}, {'spoorNummer': '11a'}, {'spoorNummer': '11b'}, {'spoorNummer': '13'}, {'spoorNummer': '13a'}, {'spoorNummer': '13b'}, {'spoorNummer': '14'}, {'spoorNummer': '14a'}, {'spoorNummer': '14b'}, {'spoorNummer': '15'}, {'spoorNummer': '15a'}, {'spoorNummer': '15b'}]","['Amsterdam CS', 'Amsterdam']",True,True,True,NL,52.3788871765137,4.90027761459351,525,1200,2017-02-01,Amsterdam Centraal,Amsterdam C.,Amsterdm C,ASD,stationV2
8400282,MEGA_STATION,8400282,GVC,282,"[{'spoorNummer': '1'}, {'spoorNummer': '2'}, {'spoorNummer': '3'}, {'spoorNummer': '4'}, {'spoorNummer': '5'}, {'spoorNummer': '6'}, {'spoorNummer': '7'}, {'spoorNummer': '8'}, {'spoorNummer': '9'}, {'spoorNummer': '10'}]","['Den Haag CS', 'Den Haag', ""'s-Gravenhage""]",True,True,True,NL,52.0802764892578,4.32499980926514,525,1600,2015-04-15,Den Haag Centraal,Den Haag C.,Den Haag C,GVC,stationV2
8400206,MEGA_STATION,8400206,EHV,206,"[{'spoorNummer': '1'}, {'spoorNummer': '2'}, {'spoorNummer': '3'}, {'spoorNummer': '4'}, {'spoorNummer': '5'}, {'spoorNummer': '6'}]","['Eindhoven', 'Eindhoven CS']",True,True,True,NL,51.4433326721191,5.48138904571533,525,1200,2019-12-15,Eindhoven Centraal,Eindhoven C.,Eindhovn C,EHV,stationV2
8400530,MEGA_STATION,8400530,RTD,530,"[{'spoorNummer': '2'}, {'spoorNummer': '3'}, {'spoorNummer': '4'}, {'spoorNummer': '6'}, {'spoorNummer': '7'}, {'spoorNummer': '8'}, {'spoorNummer': '9'}, {'spoorNummer': '11'}, {'spoorNummer': '12'}, {'spoorNummer': '13'}, {'spoorNummer': '14'}, {'spoorNummer': '15'}, {'spoorNummer': '16'}]","['Rotterdam CS', 'Rotterdam']",True,True,True,NL,51.9249992370605,4.46888875961304,525,1000,2017-02-01,Rotterdam Centraal,Rotterdam C.,Rotterdm C,RTD,stationV2
8400561,MEGA_STATION,8400561,SHL,561,"[{'spoorNummer': '1'}, {'spoorNummer': '2'}, {'spoorNummer': '3'}, {'spoorNummer': '4'}, {'spoorNummer': '5'}, {'spoorNummer': '6'}]",['Amsterdam Airport'],True,True,True,NL,52.3094444274902,4.76194429397583,2800,3200,2017-02-01,Schiphol Airport,Schiphol Airport,Schiphol,SHL,stationV2
8400621,MEGA_STATION,8400621,UT,621,"[{'spoorNummer': '1'}, {'spoorNummer': '2'}, {'spoorNummer': '3'}, {'spoorNummer': '4'}, {'spoorNummer': '5'}, {'spoorNummer': '7'}, {'spoorNummer': '8'}, {'spoorNummer': '9'}, {'spoorNummer': '11'}, {'spoorNummer': '12'}, {'spoorNummer': '14'}, {'spoorNummer': '15'}, {'spoorNummer': '18'}, {'spoorNummer': '19'}, {'spoorNummer': '20'}, {'spoorNummer': '21'}]","['Utrecht CS', 'Utrecht']",True,True,True,NL,52.0888900756836,5.11027765274048,525,1550,2022-01-06,Utrecht Centraal,Utrecht C.,Utrecht C,UT,stationV2
8400319,KNOOPPUNT_INTERCITY_STATION,8400319,HT,319,"[{'spoorNummer': '1'}, {'spoorNummer': '3'}, {'spoorNummer': '3a'}, {'spoorNummer': '3b'}, {'spoorNummer': '4'}, {'spoorNummer': '4a'}, {'spoorNummer': '4b'}, {'spoorNummer': '6'}, {'spoorNummer': '6a'}, {'spoorNummer': '6b'}, {'spoorNummer': '7'}, {'spoorNummer': '7a'}, {'spoorNummer': '7b'}]","['Den Bosch', ""Hertogenbosch ('s)""]",True,True,True,NL,51.69048,5.29362,525,1200,2015-03-18,'s-Hertogenbosch,'s-Hertogenbosch,Den Bosch,HT,stationV2
8400050,KNOOPPUNT_INTERCITY_STATION,8400050,AMR,50,"[{'spoorNummer': '1'}, {'spoorNummer': '2'}, {'spoorNummer': '3'}, {'spoorNummer': '4'}, {'spoorNummer': '5'}]",[],True,True,True,NL,52.6377792358398,4.73972225189209,525,1200,2003-07-01,Alkmaar,Alkmaar,Alkmaar,AMR,stationV2
8400051,KNOOPPUNT_INTERCITY_STATION,8400051,AML,51,"[{'spoorNummer': '2'}, {'spoorNummer': '2a'}, {'spoorNummer': '2b'}, {'spoorNummer': '3b'}, {'spoorNummer': '4'}, {'spoorNummer': '4a'}, {'spoorNummer': '4b'}]",[],True,True,True,NL,52.3580551147461,6.65388870239258,525,1200,2022-01-06,Almelo,Almelo,Almelo,AML,stationV2
8400080,KNOOPPUNT_INTERCITY_STATION,8400080,ALM,80,"[{'spoorNummer': '1'}, {'spoorNummer': '2'}, {'spoorNummer': '3'}, {'spoorNummer': '4'}]",['Almere'],True,True,True,NL,52.37503,5.21764,525,1200,2011-05-01,Almere Centrum,Almere C.,Almere C,ALM,stationV2
8400053,KNOOPPUNT_INTERCITY_STATION,8400053,APN,53,"[{'spoorNummer': '1'}, {'spoorNummer': '2'}, {'spoorNummer': '3'}]",['Alphen aan den Rijn'],True,True,True,NL,52.1244430541992,4.65777778625488,525,1200,2016-12-11,Alphen a/d Rijn,Alphen a/d Rijn,Alphen,APN,stationV2
8400055,KNOOPPUNT_INTERCITY_STATION,8400055,AMF,55,"[{'spoorNummer': '1'}, {'spoorNummer': '2'}, {'spoorNummer': '2a'}, {'spoorNummer': '2b'}, {'spoorNummer': '4'}, {'spoorNummer': '4a'}, {'spoorNummer': '4b'}, {'spoorNummer': '5'}, {'spoorNummer': '5a'}, {'spoorNummer': '5b'}, {'spoorNummer': '6'}, {'spoorNummer': '6a'}, {'spoorNummer': '6b'}, {'spoorNummer': '7'}]","['Amersfoort CS', 'Amersfoort']",True,True,True,NL,52.1538887023926,5.37055540084839,525,1200,2022-01-06,Amersfoort Centraal,Amersfoort C.,Amersfrt C,AMF,stationV2
8400059,KNOOPPUNT_INTERCITY_STATION,8400059,ASS,59,"[{'spoorNummer': '3'}, {'spoorNummer': '4'}, {'spoorNummer': '5'}, {'spoorNummer': '6'}, {'spoorNummer': '7'}, {'spoorNummer': '8'}, {'spoorNummer': '9'}, {'spoorNummer': '10'}, {'spoorNummer': '11'}, {'spoorNummer': '12'}]",[],True,True,True,NL,52.3888893127441,4.83777761459351,525,1200,2015-03-18,Amsterdam Sloterdijk,Sloterdijk,Sloterdijk,ASS,stationV2
8400066,KNOOPPUNT_INTERCITY_STATION,8400066,APD,66,"[{'spoorNummer': '1'}, {'spoorNummer': '2'}, {'spoorNummer': '3'}, {'spoorNummer': '4'}]",[],True,True,True,NL,52.2091674804687,5.97027778625488,525,1200,2022-01-06,Apeldoorn,Apeldoorn,Apeldoorn,APD,stationV2
8400071,KNOOPPUNT_INTERCITY_STATION,8400071,AH,71,"[{'spoorNummer': '3'}, {'spoorNummer': '4'}, {'spoorNummer': '4a'}, {'spoorNummer': '4b'}, {'spoorNummer': '6'}, {'spoorNummer': '6a'}, {'spoorNummer': '6b'}, {'spoorNummer': '7'}, {'spoorNummer': '8'}, {'spoorNummer': '9'}, {'spoorNummer': '10'}, {'spoorNummer': '11'}]","['Arnhem', 'Arnhem CS']",True,True,True,NL,51.9850006103516,5.89916658401489,525,1200,2022-01-06,Arnhem Centraal,Arnhem C.,Arnhem C,AH,stationV2
8400073,KNOOPPUNT_INTERCITY_STATION,8400073,ASN,73,"[{'spoorNummer': '1'}, {'spoorNummer': '1a'}, {'spoorNummer': '1b'}, {'spoorNummer': '2'}, {'spoorNummer': '2a'}, {'spoorNummer': '2b'}, {'spoorNummer': '3'}]",[],True,True,True,NL,52.9916648864746,6.57083320617676,300,1600,1990-01-01,Assen,Assen,Assen,ASN,stationV2
8400131,KNOOPPUNT_INTERCITY_STATION,8400131,BD,131,"[{'spoorNummer': '2'}, {'spoorNummer': '3'}, {'spoorNummer': '4'}, {'spoorNummer': '5'}, {'spoorNummer': '6'}, {'spoorNummer': '7'}, {'spoorNummer': '8'}]",[],True,True,True,NL,51.5955543518066,4.78000020980835,525,1200,2018-04-09,Breda,Breda,Breda,BD,stationV2
8400170,KNOOPPUNT_INTERCITY_STATION,8400170,DT,170,"[{'spoorNummer': '1'}, {'spoorNummer': '2'}]",[],True,True,True,NL,52.0066680908203,4.35638904571533,525,1200,2007-12-09,Delft,Delft,Delft,DT,stationV2
8400280,KNOOPPUNT_INTERCITY_STATION,8400280,GV,280,"[{'spoorNummer': '1'}, {'spoorNummer': '3'}, {'spoorNummer': '4'}, {'spoorNummer': '5'}, {'spoorNummer': '6'}]","['Den Haag Hollands Spoor', 'Hollands Spoor']",True,True,True,NL,52.0697212219238,4.32250022888184,525,1600,2017-02-01,Den Haag HS,Den Haag HS,Dn Haag HS,GV,stationV2
8400173,KNOOPPUNT_INTERCITY_STATION,8400173,DV,173,"[{'spoorNummer': '1'}, {'spoorNummer': '3'}, {'spoorNummer': '4'}, {'spoorNummer': '4a'}, {'spoorNummer': '4b'}]",[],True,True,True,NL,52.2574996948242,6.16055536270142,525,1200,2022-01-06,Deventer,Deventer,Deventer,DV,stationV2
8400180,KNOOPPUNT_INTERCITY_STATION,8400180,DDR,180,"[{'spoorNummer': '1'}, {'spoorNummer': '2'}, {'spoorNummer': '2a'}, {'spoorNummer': '2b'}, {'spoorNummer': '3'}, {'spoorNummer': '3a'}, {'spoorNummer': '3b'}, {'spoorNummer': '4'}, {'spoorNummer': '4a'}, {'spoorNummer': '4b'}, {'spoorNummer': '5'}, {'spoorNummer': '15'}, {'spoorNummer': '20'}]",[],True,True,True,NL,51.8072204589844,4.66833353042603,525,1200,2018-12-09,Dordrecht,Dordrecht,Dordrecht,DDR,stationV2
8400200,KNOOPPUNT_INTERCITY_STATION,8400200,ED,200,"[{'spoorNummer': '1'}, {'spoorNummer': '1a'}, {'spoorNummer': '1b'}, {'spoorNummer': '3'}, {'spoorNummer': '4'}, {'spoorNummer': '5'}]",[],True,True,True,NL,52.0277786254883,5.67305564880371,525,1200,2014-04-02,Ede-Wageningen,Ede-Wageningen,Ede-Wag,ED,stationV2
8400212,KNOOPPUNT_INTERCITY_STATION,8400212,ES,212,"[{'spoorNummer': '1'}, {'spoorNummer': '2'}, {'spoorNummer': '3'}, {'spoorNummer': '4a'}, {'spoorNummer': '4b'}]",[],True,True,True,NL,52.2224998474121,6.8899998664856,525,1200,2021-06-21,Enschede,Enschede,Enschede,ES,stationV2
8400258,KNOOPPUNT_INTERCITY_STATION,8400258,GD,258,"[{'spoorNummer': '3'}, {'spoorNummer': '3a'}, {'spoorNummer': '3b'}, {'spoorNummer': '5'}, {'spoorNummer': '8'}, {'spoorNummer': '10'}, {'spoorNummer': '11'}]",[],True,True,True,NL,52.0175018310547,4.70444440841675,525,1200,2016-12-11,Gouda,Gouda,Gouda,GD,stationV2
8400263,KNOOPPUNT_INTERCITY_STATION,8400263,GN,263,"[{'spoorNummer': '1a'}, {'spoorNummer': '1b'}, {'spoorNummer': '2a'}, {'spoorNummer': '2b'}, {'spoorNummer': '3a'}, {'spoorNummer': '3b'}, {'spoorNummer': '4b'}, {'spoorNummer': '5a'}, {'spoorNummer': '6a'}, {'spoorNummer': '6b'}, {'spoorNummer': '7'}]",[],True,True,True,NL,53.2105560302734,6.56472206115723,525,1200,2014-04-02,Groningen,Groningen,Groningen,GN,stationV2
8400285,KNOOPPUNT_INTERCITY_STATION,8400285,HLM,285,"[{'spoorNummer': '1'}, {'spoorNummer': '3'}, {'spoorNummer': '3a'}, {'spoorNummer': '3b'}, {'spoorNummer': '4'}, {'spoorNummer': '5'}, {'spoorNummer': '6'}, {'spoorNummer': '6a'}, {'spoorNummer': '6b'}, {'spoorNummer': '8'}]",[],True,True,True,NL,52.3877792358398,4.63833332061768,525,1200,2015-03-18,Haarlem,Haarlem,Haarlem,HLM,stationV2
8400307,KNOOPPUNT_INTERCITY_STATION,8400307,HRL,307,"[{'spoorNummer': '1'}, {'spoorNummer': '2'}, {'spoorNummer': '3'}, {'spoorNummer': '4'}, {'spoorNummer': '5'}]",[],True,True,True,NL,50.8908348083496,5.97499990463257,525,1200,2022-01-01,Heerlen,Heerlen,Heerlen,HRL,stationV2
8400313,KNOOPPUNT_INTERCITY_STATION,8400313,HM,313,"[{'spoorNummer': '1'}, {'spoorNummer': '2'}]",[],True,True,True,NL,51.4755554199219,5.66194438934326,525,1600,2011-05-01,Helmond,Helmond,Helmond,HM,stationV2
8400316,KNOOPPUNT_INTERCITY_STATION,8400316,HGL,316,"[{'spoorNummer': '2'}, {'spoorNummer': '2a'}, {'spoorNummer': '2b'}, {'spoorNummer': '3'}, {'spoorNummer': '3a'}, {'spoorNummer': '3b'}, {'spoorNummer': '11'}]",[],True,True,True,NL,52.2616653442383,6.79388904571533,525,1200,2022-01-06,Hengelo,Hengelo,Hengelo,HGL,stationV2
8400322,KNOOPPUNT_INTERCITY_STATION,8400322,HVS,322,"[{'spoorNummer': '1'}, {'spoorNummer': '2'}, {'spoorNummer': '3'}, {'spoorNummer': '4'}, {'spoorNummer': '5'}]",[],True,True,True,NL,52.2258338928223,5.18194437026978,525,1200,2022-01-06,Hilversum,Hilversum,Hilversum,HVS,stationV2
8400337,KNOOPPUNT_INTERCITY_STATION,8400337,HN,337,"[{'spoorNummer': '1'}, {'spoorNummer': '2'}, {'spoorNummer': '3'}]",[],True,True,True,NL,52.6447219848633,5.05555534362793,525,1200,1994-12-01,Hoorn,Hoorn,Hoorn,HN,stationV2
8400387,KNOOPPUNT_INTERCITY_STATION,8400387,LW,387,"[{'spoorNummer': '1'}, {'spoorNummer': '2'}, {'spoorNummer': '3'}, {'spoorNummer': '4'}, {'spoorNummer': '5'}, {'spoorNummer': '6b'}, {'spoorNummer': '8'}]",['Ljouwert'],True,True,True,NL,53.1958351135254,5.79222202301025,525,1200,2014-04-02,Leeuwarden,Leeuwarden,Leeuwarden,LW,stationV2
8400390,KNOOPPUNT_INTERCITY_STATION,8400390,LEDN,390,"[{'spoorNummer': '1'}, {'spoorNummer': '2'}, {'spoorNummer': '4'}, {'spoorNummer': '4a'}, {'spoorNummer': '4b'}, {'spoorNummer': '5'}, {'spoorNummer': '5a'}, {'spoorNummer': '5b'}, {'spoorNummer': '8'}, {'spoorNummer': '8a'}, {'spoorNummer': '8b'}, {'spoorNummer': '9'}, {'spoorNummer': '9a'}, {'spoorNummer': '9b'}]","['Leiden CS', 'Leiden']",True,True,True,NL,52.1661109924316,4.48166656494141,525,1600,2011-05-01,Leiden Centraal,Leiden C.,Leiden C,LEDN,stationV2
8400394,KNOOPPUNT_INTERCITY_STATION,8400394,LLS,394,"[{'spoorNummer': '1'}, {'spoorNummer': '2'}, {'spoorNummer': '3'}, {'spoorNummer': '4'}]",[],True,True,True,NL,52.5077781677246,5.47277784347534,525,1200,2012-12-09,Lelystad Centrum,Lelystad C.,Lelystad C,LLS,stationV2
8400424,KNOOPPUNT_INTERCITY_STATION,8400424,MT,424,"[{'spoorNummer': '1'}, {'spoorNummer': '2'}, {'spoorNummer': '3'}, {'spoorNummer': '4a'}, {'spoorNummer': '4b'}, {'spoorNummer': '5a'}, {'spoorNummer': '5b'}, {'spoorNummer': '6'}]",[],True,True,True,NL,50.8502769470215,5.70555543899536,525,1200,2022-01-01,Maastricht,Maastricht,Maastricht,MT,stationV2
8400470,KNOOPPUNT_INTERCITY_STATION,8400470,NM,470,"[{'spoorNummer': '1'}, {'spoorNummer': '1a'}, {'spoorNummer': '1b'}, {'spoorNummer': '3'}, {'spoorNummer': '4'}, {'spoorNummer': '4a'}, {'spoorNummer': '4b'}, {'spoorNummer': '35'}]",[],True,True,True,NL,51.8436126708984,5.85222244262695,525,1200,2019-10-02,Nijmegen,Nijmegen,Nijmegen,NM,stationV2
8400495,KNOOPPUNT_INTERCITY_STATION,8400495,O,495,"[{'spoorNummer': '1'}, {'spoorNummer': '2'}]",[],True,True,True,NL,51.7655563354492,5.53222227096558,525,1600,2011-05-01,Oss,Oss,Oss,O,stationV2
8400523,KNOOPPUNT_INTERCITY_STATION,8400523,RM,523,"[{'spoorNummer': '1'}, {'spoorNummer': '2'}, {'spoorNummer': '3a'}, {'spoorNummer': '3b'}]",[],True,True,True,NL,51.1930541992188,5.9941668510437,525,1200,2022-01-01,Roermond,Roermond,Roermond,RM,stationV2
8400526,KNOOPPUNT_INTERCITY_STATION,8400526,RSD,526,"[{'spoorNummer': '1'}, {'spoorNummer': '1a'}, {'spoorNummer': '1b'}, {'spoorNummer': '3'}, {'spoorNummer': '3a'}, {'spoorNummer': '3b'}, {'spoorNummer': '4'}, {'spoorNummer': '4a'}, {'spoorNummer': '4b'}]",[],True,True,True,NL,51.5402793884277,4.45833349227905,525,1200,2018-04-09,Roosendaal,Roosendaal,Roosendaal,RSD,stationV2
8400564,KNOOPPUNT_INTERCITY_STATION,8400564,STD,564,"[{'spoorNummer': '1a'}, {'spoorNummer': '1b'}, {'spoorNummer': '2'}, {'spoorNummer': '2a'}, {'spoorNummer': '2b'}, {'spoorNummer': '3'}, {'spoorNummer': '3a'}, {'spoorNummer': '3b'}, {'spoorNummer': '20'}]",[],True,True,True,NL,51.0016670227051,5.85861110687256,525,1200,2022-01-01,Sittard,Sittard,Sittard,STD,stationV2
8400597,KNOOPPUNT_INTERCITY_STATION,8400597,TB,597,"[{'spoorNummer': '1'}, {'spoorNummer': '2'}, {'spoorNummer': '3'}]",[],True,True,True,NL,51.5605545043945,5.08361101150513,525,1200,2015-03-18,Tilburg,Tilburg,Tilburg,TB,stationV2
8400644,KNOOPPUNT_INTERCITY_STATION,8400644,VL,644,"[{'spoorNummer': '1'}, {'spoorNummer': '1a'}, {'spoorNummer': '1b'}, {'spoorNummer': '3'}, {'spoorNummer': '3a'}, {'spoorNummer': '3b'}, {'spoorNummer': '4'}, {'spoorNummer': '4a'}, {'spoorNummer': '4b'}, {'spoorNummer': '6'}]",[],True,True,True,NL,51.3636093139648,6.17277765274048,525,1000,2016-12-11,Venlo,Venlo,Venlo,VL,stationV2
8400652,KNOOPPUNT_INTERCITY_STATION,8400652,VS,652,"[{'spoorNummer': '1'}, {'spoorNummer': '2'}, {'spoorNummer': '3'}]",[],True,True,True,NL,51.4458351135254,3.59527778625488,525,1200,2011-05-01,Vlissingen,Vlissingen,Vlissingen,VS,stationV2
8400731,KNOOPPUNT_INTERCITY_STATION,8400731,ZD,731,"[{'spoorNummer': '1'}, {'spoorNummer': '2'}, {'spoorNummer': '4'}, {'spoorNummer': '5'}]",[],True,True,True,NL,52.4388885498047,4.81361103057861,525,1200,2011-05-01,Zaandam,Zaandam,Zaandam,ZD,stationV2
8400744,KNOOPPUNT_INTERCITY_STATION,8400744,ZP,744,"[{'spoorNummer': '1'}, {'spoorNummer': '1a'}, {'spoorNummer': '1b'}, {'spoorNummer': '2'}, {'spoorNummer': '2a'}, {'spoorNummer': '2b'}, {'spoorNummer': '3'}]",[],True,True,True,NL,52.1452789306641,6.19416666030884,525,1200,2014-04-02,Zutphen,Zutphen,Zutphen,ZP,stationV2
8400747,KNOOPPUNT_INTERCITY_STATION,8400747,ZL,747,"[{'spoorNummer': '1'}, {'spoorNummer': '1a'}, {'spoorNummer': '1b'}, {'spoorNummer': '3'}, {'spoorNummer': '4'}, {'spoorNummer': '5'}, {'spoorNummer': '6'}, {'spoorNummer': '7'}, {'spoorNummer': '8'}, {'spoorNummer': '9'}, {'spoorNummer': '10'}, {'spoorNummer': '12'}, {'spoorNummer': '13'}, {'spoorNummer': '14'}, {'spoorNummer': '15'}, {'spoorNummer': '16'}]",[],True,True,True,NL,52.5047225952148,6.09194421768188,525,1200,2017-12-10,Zwolle,Zwolle,Zwolle,ZL,stationV2
8400057,INTERCITY_STATION,8400057,ASA,57,"[{'spoorNummer': '1'}, {'spoorNummer': '4'}]",[],True,True,True,NL,52.3466682434082,4.91777801513672,260,1200,2011-05-01,Amsterdam Amstel,Amstel,Amstel,ASA,stationV2
8400061,INTERCITY_STATION,8400061,ASDZ,61,"[{'spoorNummer': '1'}, {'spoorNummer': '2'}, {'spoorNummer': '3'}, {'spoorNummer': '4'}]",[],True,True,True,NL,52.338889,4.872356,260,1200,2006-12-10,Amsterdam Zuid,Amsterdam Zuid,Amsterdm Z,ASDZ,stationV2
8400151,INTERCITY_STATION,8400151,CAS,151,"[{'spoorNummer': '1'}, {'spoorNummer': '2'}]",[],True,True,True,NL,52.5458335876465,4.65861129760742,260,1200,1990-01-01,Castricum,Castricum,Castricum,CAS,stationV2
8400311,INTERCITY_STATION,8400311,HDR,311,"[{'spoorNummer': '1'}, {'spoorNummer': '2'}, {'spoorNummer': '3'}]",[],True,True,True,NL,52.9552764892578,4.76111125946045,260,1200,2016-06-08,Den Helder,Den Helder,Den Helder,HDR,stationV2
8400176,INTERCITY_STATION,8400176,DR,176,"[{'spoorNummer': '1'}, {'spoorNummer': '2'}]",[],True,True,True,NL,52.0449981689453,6.10305547714233,525,1600,1999-05-30,Dieren,Dieren,Dieren,DR,stationV2
8400218,INTERCITY_STATION,8400218,ETN,218,"[{'spoorNummer': '1'}, {'spoorNummer': '2'}]",[],True,True,True,NL,51.5750007629395,4.63583326339722,260,1600,2011-05-01,Etten-Leur,Etten-Leur,Etten-Leur,ETN,stationV2
8400302,INTERCITY_STATION,8400302,HAD,302,"[{'spoorNummer': '1'}, {'spoorNummer': '2'}]",[],True,True,True,NL,52.3591651916504,4.60666656494141,200,1200,2011-05-01,Heemstede-Aerdenhout,Heemstede-A.,Heemstede,HAD,stationV2
8400305,INTERCITY_STATION,8400305,HR,305,"[{'spoorNummer': '2'}, {'spoorNummer': '3'}]",['It Hearrenfean'],True,True,True,NL,52.9613876342773,5.91416645050049,260,1600,2003-02-20,Heerenveen,Heerenveen,Heerenveen,HR,stationV2
8400486,INTERCITY_STATION,8400486,OST,486,"[{'spoorNummer': '2'}, {'spoorNummer': '3'}]",[],True,True,True,NL,52.3347206115723,6.11305570602417,200,1600,2005-01-01,Olst,Olst,Olst,OST,stationV2
8400507,INTERCITY_STATION,8400507,RTA,507,"[{'spoorNummer': '1'}, {'spoorNummer': '2'}]",[],True,True,True,NL,51.9519462585449,4.55361127853394,260,1600,2007-12-09,Rotterdam Alexander,Alexander,Alexander,RTA,stationV2
8400578,INTERCITY_STATION,8400578,SWK,578,"[{'spoorNummer': '1'}, {'spoorNummer': '2'}]",[],True,True,True,NL,52.7915109924316,6.11455576324463,300,1600,2005-01-01,Steenwijk,Steenwijk,Steenwijk,SWK,stationV2
8400684,INTERCITY_STATION,8400684,WT,684,"[{'spoorNummer': '2'}, {'spoorNummer': '3'}, {'spoorNummer': '3a'}, {'spoorNummer': '3b'}]",[],True,True,True,NL,51.2486114501953,5.70361089706421,260,1200,2011-05-01,Weert,Weert,Weert,WT,stationV2
8400711,INTERCITY_STATION,8400711,WH,711,"[{'spoorNummer': '1'}, {'spoorNummer': '2'}]",[],True,True,True,NL,52.3902778625488,6.1405553817749,200,1600,2005-01-01,Wijhe,Wijhe,Wijhe,WH,stationV2
8400139,KNOOPPUNT_SNELTREIN_STATION,8400139,BP,139,"[{'spoorNummer': '1'}, {'spoorNummer': '2'}]",['Bûtenpost'],True,True,True,NL,53.2564547,6.1446496,525,1200,2020-09-01,Buitenpost,Buitenpost,Buitenpost,BP,stationV2
8400153,KNOOPPUNT_SNELTREIN_STATION,8400153,CO,153,"[{'spoorNummer': '1'}, {'spoorNummer': '2'}]",[],True,True,True,NL,52.6636123657227,6.73555564880371,525,1600,2020-05-13,Coevorden,Coevorden,Coevorden,CO,stationV2
8400428,KNOOPPUNT_SNELTREIN_STATION,8400428,MRB,428,"[{'spoorNummer': '1'}, {'spoorNummer': '2'}, {'spoorNummer': '3'}]",[],True,True,True,NL,52.5094451904297,6.57527780532837,260,1200,2020-05-13,Mariënberg,Mariënberg,Mariënberg,MRB,stationV2
8400487,KNOOPPUNT_SNELTREIN_STATION,8400487,OMN,487,"[{'spoorNummer': '1'}, {'spoorNummer': '2'}]",[],True,True,True,NL,52.5094451904297,6.41583347320557,525,1600,2020-05-13,Ommen,Ommen,Ommen,OMN,stationV2
8400632,KNOOPPUNT_SNELTREIN_STATION,8400632,VK,632,"[{'spoorNummer': '1'}, {'spoorNummer': '2'}, {'spoorNummer': '3'}]",[],True,True,True,NL,50.8697204589844,5.83222198486328,525,1200,2022-01-01,Valkenburg,Valkenburg,Valkenburg,VK,stationV2
8400167,SNELTREIN_STATION,8400167,DL,167,"[{'spoorNummer': '1'}, {'spoorNummer': '2'}]",[],True,True,True,NL,52.4983329772949,6.25861120223999,200,1600,2020-05-13,Dalfsen,Dalfsen,Dalfsen,DL,stationV2
8400208,SNELTREIN_STATION,8400208,EMN,208,"[{'spoorNummer': '1'}, {'spoorNummer': '2'}]",[],True,True,True,NL,52.7900009155273,6.89944458007812,200,1600,2020-05-13,Emmen,Emmen,Emmen,EMN,stationV2
8400407,SNELTREIN_STATION,8400093,EMNZ,407,"[{'spoorNummer': '1'}, {'spoorNummer': '2'}]",[],True,True,True,NL,52.7488663746914,6.87478065490722,200,1200,2020-05-13,Emmen Zuid,Emmen Zuid,Emmen Z,EMNZ,stationV2
8400293,SNELTREIN_STATION,8400293,HDB,293,"[{'spoorNummer': '1'}, {'spoorNummer': '2'}]",[],True,True,True,NL,52.5727767944336,6.62861108779907,200,1600,2020-05-13,Hardenberg,Hardenberg,Hardenberg,HDB,stationV2
8400434,SNELTREIN_STATION,8400434,MES,434,"[{'spoorNummer': '1'}, {'spoorNummer': '2'}]",[],True,True,True,NL,50.882879392551,5.75099945068359,200,1200,2022-01-01,Meerssen,Meerssen,Meerssen,MES,stationV2
8400454,SNELTREIN_STATION,8400454,NA,454,"[{'spoorNummer': '1'}, {'spoorNummer': '2'}]",[],True,True,True,NL,52.7186126708984,6.84861087799072,200,1600,2020-05-13,Nieuw Amsterdam,Nw. Amsterdam,Nw A'dam,NA,stationV2
8400074,KNOOPPUNT_STOPTREIN_STATION,8400074,ASB,74,"[{'spoorNummer': '1'}, {'spoorNummer': '2'}, {'spoorNummer': '3'}, {'spoorNummer': '6'}, {'spoorNummer': '7'}, {'spoorNummer': '8'}]",[],True,True,True,NL,52.3122215270996,4.94694423675537,260,1200,2011-05-01,Amsterdam Bijlmer ArenA,Bijlmer ArenA,Bijlmer A,ASB,stationV2
8400086,KNOOPPUNT_STOPTREIN_STATION,8400086,BRN,86,"[{'spoorNummer': '1'}, {'spoorNummer': '2'}, {'spoorNummer': '3'}, {'spoorNummer': '4'}]",[],True,True,True,NL,52.2083320617676,5.28083324432373,525,1200,1990-01-01,Baarn,Baarn,Baarn,BRN,stationV2
8400457,KNOOPPUNT_STOPTREIN_STATION,8400457,NSCH,457,"[{'spoorNummer': '1'}, {'spoorNummer': '2'}]",['Nieuweschans'],True,True,True,NL,53.1844,7.19937,200,1200,2020-09-01,Bad Nieuweschans,Bad Nieuweschans,Nweschans,NSCH,stationV2
8400128,KNOOPPUNT_STOPTREIN_STATION,8400128,BMR,128,"[{'spoorNummer': '1'}, {'spoorNummer': '2'}, {'spoorNummer': '3'}]",[],True,True,True,NL,51.6445217676531,5.93903303146362,525,1200,2020-05-13,Boxmeer,Boxmeer,Boxmeer,BMR,stationV2
8400129,KNOOPPUNT_STOPTREIN_STATION,8400129,BTL,129,"[{'spoorNummer': '2'}, {'spoorNummer': '3'}, {'spoorNummer': '6'}, {'spoorNummer': '7'}]",[],True,True,True,NL,51.58433,5.31912,260,800,2011-05-01,Boxtel,Boxtel,Boxtel,BTL,stationV2
8400133,KNOOPPUNT_STOPTREIN_STATION,8400133,BKL,133,"[{'spoorNummer': '2'}, {'spoorNummer': '3'}]",[],True,True,True,NL,52.17149,4.9906,260,800,1990-01-01,Breukelen,Breukelen,Breukelen,BKL,stationV2
8400179,KNOOPPUNT_STOPTREIN_STATION,8400179,DLD,179,"[{'spoorNummer': '1'}, {'spoorNummer': '2'}]",[],True,True,False,NL,52.1402778625488,5.24277782440186,260,1200,1990-01-01,Den Dolder,Den Dolder,Den Dolder,DLD,stationV2
8400380,KNOOPPUNT_STOPTREIN_STATION,8400380,LAA,380,"[{'spoorNummer': '3'}, {'spoorNummer': '4'}, {'spoorNummer': '5'}, {'spoorNummer': '6'}]","['Den Haag Laan van NOI', 'Laan van Nieuw Oost Indië', 'Laan van NOI']",True,True,True,NL,52.0786094665527,4.34277772903442,525,1200,2011-05-01,Den Haag Laan v NOI,Laan v NOI,Laan v NOI,LAA,stationV2
8400177,KNOOPPUNT_STOPTREIN_STATION,8400177,DTC,177,"[{'spoorNummer': '1'}, {'spoorNummer': '2'}]",[],True,True,True,NL,51.9585962,6.2962148,260,800,2020-05-13,Doetinchem,Doetinchem,Doetinchem,DTC,stationV2
8400182,KNOOPPUNT_STOPTREIN_STATION,8400182,DB,182,"[{'spoorNummer': '1'}, {'spoorNummer': '2'}]",[],True,True,True,NL,52.0652770996094,5.25861120223999,200,1200,2003-09-01,Driebergen-Zeist,Driebergen-Zeist,Driebergen,DB,stationV2
8400194,KNOOPPUNT_STOPTREIN_STATION,8400194,DVD,194,"[{'spoorNummer': '1'}, {'spoorNummer': '4'}, {'spoorNummer': '5'}, {'spoorNummer': '8'}]",[],True,True,True,NL,52.3233337402344,4.93638896942139,525,1600,1993-05-23,Duivendrecht,Duivendrecht,Duivendrt,DVD,stationV2
8400207,KNOOPPUNT_STOPTREIN_STATION,8400207,EST,207,"[{'spoorNummer': '1'}, {'spoorNummer': '2'}, {'spoorNummer': '3'}]",[],True,True,True,NL,51.9169425964355,5.85500001907349,525,1600,2014-04-02,Elst,Elst,Elst,EST,stationV2
8400244,KNOOPPUNT_STOPTREIN_STATION,8400244,GDM,244,"[{'spoorNummer': '1'}, {'spoorNummer': '3'}, {'spoorNummer': '4'}, {'spoorNummer': '6'}, {'spoorNummer': '7'}]",[],True,True,True,NL,51.88301,5.27127,260,800,2018-12-09,Geldermalsen,Geldermalsen,Geldermlsn,GDM,stationV2
8400245,KNOOPPUNT_STOPTREIN_STATION,8400245,GP,245,"[{'spoorNummer': '1'}, {'spoorNummer': '2'}]",[],True,True,True,NL,51.4197235107422,5.55055570602417,200,1200,2011-05-01,Geldrop,Geldrop,Geldrop,GP,stationV2
8400256,KNOOPPUNT_STOPTREIN_STATION,8400256,GR,256,"[{'spoorNummer': '1'}, {'spoorNummer': '2'}]",[],True,True,True,NL,51.8338890075684,4.96833324432373,260,800,2020-05-13,Gorinchem,Gorinchem,Gorinchem,GR,stationV2
8400294,KNOOPPUNT_STOPTREIN_STATION,8400294,HD,294,"[{'spoorNummer': '1'}, {'spoorNummer': '2'}]",[],True,True,True,NL,52.3375015258789,5.61972236633301,260,800,1990-01-01,Harderwijk,Harderwijk,Harderwijk,HD,stationV2
8400306,KNOOPPUNT_STOPTREIN_STATION,8400306,HWD,306,"[{'spoorNummer': '1'}, {'spoorNummer': '2'}, {'spoorNummer': '3'}]",[],True,True,True,NL,52.6697235107422,4.82277774810791,525,1200,1990-01-01,Heerhugowaard,Heerhugowaard,Heerhugow,HWD,stationV2
8400331,KNOOPPUNT_STOPTREIN_STATION,8400331,HGZ,331,"[{'spoorNummer': '1'}, {'spoorNummer': '2'}]",[],True,True,True,NL,53.1598181316756,6.77075386047363,260,800,2020-09-01,Hoogezand-Sappemeer,Hoogezand-Sap.,Hoogezand,HGZ,stationV2
8400340,KNOOPPUNT_STOPTREIN_STATION,8400340,HTN,340,"[{'spoorNummer': '1'}, {'spoorNummer': '2'}]",[],True,True,True,NL,52.03402,5.16821,200,1200,2010-12-12,Houten,Houten,Houten,HTN,stationV2
8400355,KNOOPPUNT_STOPTREIN_STATION,8400355,KRD,355,"[{'spoorNummer': '1'}, {'spoorNummer': '2'}]",[],True,True,True,NL,50.8616676330566,6.05749988555908,200,1200,2022-01-01,Kerkrade Centrum,Kerkrade C.,Kerkrade C,KRD,stationV2
8400382,KNOOPPUNT_STOPTREIN_STATION,8400382,ZLW,382,"[{'spoorNummer': '1'}, {'spoorNummer': '2'}, {'spoorNummer': '3'}, {'spoorNummer': '4'}]",[],True,True,True,NL,51.6911125183105,4.66305541992188,260,800,2011-05-01,Lage Zwaluwe,Lage Zwaluwe,Lage Zwalu,ZLW,stationV2
8400548,KNOOPPUNT_STOPTREIN_STATION,8400548,LG,548,"[{'spoorNummer': '1'}, {'spoorNummer': '2'}, {'spoorNummer': '3'}]",[],True,True,True,NL,50.8963890075684,6.01916646957398,260,800,2022-01-01,Landgraaf,Landgraaf,Landgraaf,LG,stationV2
8400417,KNOOPPUNT_STOPTREIN_STATION,8400417,MRN,417,"[{'spoorNummer': '1'}, {'spoorNummer': '2'}]",[],True,True,True,NL,52.0641670227051,5.36999988555908,260,800,1990-01-01,Maarn,Maarn,Maarn,MRN,stationV2
8400426,KNOOPPUNT_STOPTREIN_STATION,8400426,MTR,426,"[{'spoorNummer': '1'}, {'spoorNummer': '2'}, {'spoorNummer': '3'}]",[],True,True,True,NL,50.8386116027832,5.71722221374512,200,1200,2022-01-01,Maastricht Randwyck,Randwyck,Randwyck,MTR,stationV2
8400435,KNOOPPUNT_STOPTREIN_STATION,8400435,MP,435,"[{'spoorNummer': '1'}, {'spoorNummer': '2'}, {'spoorNummer': '2a'}, {'spoorNummer': '2b'}, {'spoorNummer': '3'}]",[],True,True,True,NL,52.6908340454102,6.19750022888184,300,1200,1990-01-01,Meppel,Meppel,Meppel,MP,stationV2
8400452,KNOOPPUNT_STOPTREIN_STATION,8400452,NDB,452,"[{'spoorNummer': '1'}, {'spoorNummer': '2'}]",[],True,True,True,NL,52.2802772521973,5.15694427490234,525,1200,2009-02-18,Naarden-Bussum,Naarden-Bussum,Naarden-Bu,NDB,stationV2
8400508,KNOOPPUNT_STOPTREIN_STATION,8400508,PMR,508,"[{'spoorNummer': '1'}, {'spoorNummer': '2'}]",[],True,True,True,NL,52.5030555725098,4.95361089706421,260,800,2011-05-01,Purmerend,Purmerend,Purmerend,PMR,stationV2
8400517,KNOOPPUNT_STOPTREIN_STATION,8400517,RHN,517,[{'spoorNummer': '1'}],[],True,True,True,NL,51.958610534668,5.57833337783814,200,1200,2003-09-01,Rhenen,Rhenen,Rhenen,RHN,stationV2
8400566,KNOOPPUNT_STOPTREIN_STATION,8400566,SK,566,"[{'spoorNummer': '1'}, {'spoorNummer': '2'}]",['Snits'],True,True,True,NL,53.0328688,5.6523969,260,800,2020-09-01,Sneek,Sneek,Sneek,SK,stationV2
8400567,KNOOPPUNT_STOPTREIN_STATION,8400567,ST,567,"[{'spoorNummer': '1'}, {'spoorNummer': '2'}]",[],True,True,True,NL,52.1733322143555,5.30999994277954,260,800,1990-01-01,Soest,Soest,Soest,ST,stationV2
8400596,KNOOPPUNT_STOPTREIN_STATION,8400596,TL,596,"[{'spoorNummer': '2'}, {'spoorNummer': '3'}]",[],True,True,True,NL,51.8894462585449,5.42222213745117,260,800,2014-04-02,Tiel,Tiel,Tiel,TL,stationV2
8400615,KNOOPPUNT_STOPTREIN_STATION,8400615,UTG,615,"[{'spoorNummer': '1'}, {'spoorNummer': '1a'}, {'spoorNummer': '1b'}, {'spoorNummer': '3'}, {'spoorNummer': '4'}, {'spoorNummer': '4a'}, {'spoorNummer': '4b'}]",[],True,True,True,NL,52.5216674804687,4.70166683197022,525,1200,2011-05-01,Uitgeest,Uitgeest,Uitgeest,UTG,stationV2
8400620,KNOOPPUNT_STOPTREIN_STATION,8400620,UTO,620,"[{'spoorNummer': '1'}, {'spoorNummer': '2'}, {'spoorNummer': '3'}]",[],True,True,True,NL,52.1100006103516,5.12472200393677,260,1200,1990-01-01,Utrecht Overvecht,Overvecht,Overvecht,UTO,stationV2
8400606,KNOOPPUNT_STOPTREIN_STATION,8400606,UTVR,606,"[{'spoorNummer': '1'}, {'spoorNummer': '2'}, {'spoorNummer': '3'}, {'spoorNummer': '4'}]",[],True,True,True,NL,52.078889,5.121667,200,1200,2016-08-22,Utrecht Vaartsche Rijn,Vaartsche Rijn,VaartscheR,UTVR,stationV2
8400636,KNOOPPUNT_STOPTREIN_STATION,8400095,VDM,636,[{'spoorNummer': '5'}],[],True,True,True,NL,53.10324,6.88475,200,1200,2020-09-01,Veendam,Veendam,Veendam,VDM,stationV2
8400627,KNOOPPUNT_STOPTREIN_STATION,8400627,VNDC,627,"[{'spoorNummer': '1'}, {'spoorNummer': '2'}]",[],True,True,True,NL,52.0200004577637,5.54861116409302,260,800,2001-06-10,Veenendaal Centrum,Veenendaal C.,Veenendl C,VNDC,stationV2
8400646,KNOOPPUNT_STOPTREIN_STATION,8400646,VRY,646,"[{'spoorNummer': '1'}, {'spoorNummer': '2'}, {'spoorNummer': '3'}]",[],True,True,True,NL,51.526568099007,6.01417779922485,525,1200,2020-05-13,Venray,Venray,Venray,VRY,stationV2
8400685,KNOOPPUNT_STOPTREIN_STATION,8400685,WP,685,"[{'spoorNummer': '1'}, {'spoorNummer': '2'}, {'spoorNummer': '5'}, {'spoorNummer': '6'}]",[],True,True,True,NL,52.3127784729004,5.04305553436279,525,1200,1990-01-01,Weesp,Weesp,Weesp,WP,stationV2
8400691,KNOOPPUNT_STOPTREIN_STATION,8400691,WDN,691,"[{'spoorNummer': '1'}, {'spoorNummer': '2'}, {'spoorNummer': '3'}]",[],True,True,True,NL,52.3613891601562,6.59166669845581,260,1200,2017-12-10,Wierden,Wierden,Wierden,WDN,stationV2
8400696,KNOOPPUNT_STOPTREIN_STATION,8400696,WS,696,"[{'spoorNummer': '1'}, {'spoorNummer': '2'}]",[],True,True,True,NL,53.1392377,7.035101,260,800,2020-09-01,Winschoten,Winschoten,Winschoten,WS,stationV2
8400698,KNOOPPUNT_STOPTREIN_STATION,8400698,WW,698,"[{'spoorNummer': '1a'}, {'spoorNummer': '1b'}]",[],True,True,True,NL,51.9677307,6.7155181,260,800,2020-05-13,Winterswijk,Winterswijk,Winterswk,WW,stationV2
8400702,KNOOPPUNT_STOPTREIN_STATION,8400702,WD,702,"[{'spoorNummer': '1'}, {'spoorNummer': '2'}, {'spoorNummer': '5'}, {'spoorNummer': '6'}]",[],True,True,True,NL,52.0849990844727,4.89361095428467,525,1200,2011-05-01,Woerden,Woerden,Woerden,WD,stationV2
8400364,KNOOPPUNT_STOPTREIN_STATION,8400364,ZZS,364,"[{'spoorNummer': '1'}, {'spoorNummer': '2'}]",[],True,True,True,NL,52.469165802002,4.80499982833862,200,1200,2016-12-11,Zaandijk Zaanse Schans,Zaanse Schans,Zaanse S.,ZZS,stationV2
8400735,KNOOPPUNT_STOPTREIN_STATION,8400735,ZV,735,"[{'spoorNummer': '1'}, {'spoorNummer': '2'}, {'spoorNummer': '3'}]",[],True,True,True,NL,51.9230537414551,6.07194423675537,260,800,2021-12-01,Zevenaar,Zevenaar,Zevenaar,ZV,stationV2
8400741,KNOOPPUNT_STOPTREIN_STATION,8400741,ZTM,741,"[{'spoorNummer': '3'}, {'spoorNummer': '4'}]",[],True,True,True,NL,52.0475006103516,4.47722244262695,200,1200,2011-05-01,Zoetermeer,Zoetermeer,Zoetermeer,ZTM,stationV2
8400742,KNOOPPUNT_STOPTREIN_STATION,8400742,ZB,742,"[{'spoorNummer': '1'}, {'spoorNummer': '2'}, {'spoorNummer': '3'}]",[],True,True,True,NL,53.1596122800056,6.8679141998291,200,1200,2020-09-01,Zuidbroek,Zuidbroek,Zuidbroek,ZB,stationV2
8400320,STOPTREIN_STATION,8400320,HTO,320,"[{'spoorNummer': '1'}, {'spoorNummer': '2'}]","[""Hertogenbosch Oost ('s)"", 'Den Bosch Oost']",True,True,True,NL,51.700553894043,5.3183331489563,200,1200,2011-05-01,'s-Hertogenbosch Oost,'s-Hertogenb. O.,Dn Bosch O,HTO,stationV2
8400388,STOPTREIN_STATION,8400388,HDE,388,"[{'spoorNummer': '1'}, {'spoorNummer': '2'}, {'spoorNummer': '4'}]","[""Harde ('t)""]",True,True,False,NL,52.4091682,5.893611,200,1200,1990-01-01,'t Harde,'t Harde,'t Harde,HDE,stationV2
8400045,STOPTREIN_STATION,8400045,ATN,45,"[{'spoorNummer': '1'}, {'spoorNummer': '2'}]",[],True,True,True,NL,51.9213265245505,6.57862722873687,200,1200,2020-05-13,Aalten,Aalten,Aalten,ATN,stationV2
8400047,STOPTREIN_STATION,8400047,AC,47,"[{'spoorNummer': '2'}, {'spoorNummer': '3'}]",[],True,True,True,NL,52.2785,4.977,200,1200,2011-05-01,Abcoude,Abcoude,Abcoude,AC,stationV2
8400049,STOPTREIN_STATION,8400049,AKM,49,"[{'spoorNummer': '2'}, {'spoorNummer': '3'}]",[],True,True,True,NL,53.0463905334473,5.84361124038696,200,1600,1990-01-01,Akkrum,Akkrum,Akkrum,AKM,stationV2
8400052,STOPTREIN_STATION,8400052,AMRN,52,"[{'spoorNummer': '1'}, {'spoorNummer': '2'}]",[],True,True,True,NL,52.6438903808594,4.76416683197022,200,1200,1994-12-01,Alkmaar Noord,Alkmaar Noord,Alkmaar N,AMRN,stationV2
8400520,STOPTREIN_STATION,8400520,AMRI,520,"[{'spoorNummer': '1'}, {'spoorNummer': '2'}]",[],True,True,True,NL,52.3419456481934,6.66666650772095,200,1600,2017-12-10,Almelo de Riet,de Riet,de Riet,AMRI,stationV2
8400081,STOPTREIN_STATION,8400081,ALMB,81,"[{'spoorNummer': '1'}, {'spoorNummer': '2'}]",[],True,True,True,NL,52.3941650390625,5.2780556678772,200,1200,2011-05-01,Almere Buiten,Buiten,Buiten,ALMB,stationV2
8400082,STOPTREIN_STATION,8400082,ALMM,82,"[{'spoorNummer': '1'}, {'spoorNummer': '2'}]",[],True,True,True,NL,52.3675003051758,5.19027757644653,200,1200,2011-05-01,Almere Muziekwijk,Muziekwijk,Muziekwijk,ALMM,stationV2
8400226,STOPTREIN_STATION,8400024,ALMO,226,"[{'spoorNummer': '1'}, {'spoorNummer': '2'}, {'spoorNummer': '3'}, {'spoorNummer': '4'}]",[],True,True,True,NL,52.4033317565918,5.30055570602417,200,1200,2004-12-12,Almere Oostvaarders,Oostvaarders,Oostvaard,ALMO,stationV2
8400104,STOPTREIN_STATION,8479008,ALMP,104,"[{'spoorNummer': '1'}, {'spoorNummer': '2'}]",[],True,True,True,NL,52.3766670227051,5.24472236633301,200,1200,2011-05-01,Almere Parkwijk,Parkwijk,Parkwijk,ALMP,stationV2
8400450,STOPTREIN_STATION,8400450,AMPO,450,"[{'spoorNummer': '1'}, {'spoorNummer': '2'}]",[],True,True,True,NL,52.342778,5.151944,200,1200,2012-12-12,Almere Poort,Poort,Poort,AMPO,stationV2
8400054,STOPTREIN_STATION,8400054,AMFS,54,"[{'spoorNummer': '1'}, {'spoorNummer': '2'}, {'spoorNummer': '3'}]",[],True,True,True,NL,52.1748221374512,5.40388870239258,200,1200,1990-01-01,Amersfoort Schothorst,Schothorst,Schothorst,AMFS,stationV2
8400228,STOPTREIN_STATION,8400031,AVAT,228,"[{'spoorNummer': '1'}, {'spoorNummer': '2'}, {'spoorNummer': '3'}]",[],True,True,True,NL,52.1927795410156,5.43388891220093,200,1200,2006-05-28,Amersfoort Vathorst,Vathorst,Vathorst,AVAT,stationV2
8400231,STOPTREIN_STATION,8400076,ASHD,231,"[{'spoorNummer': '2'}, {'spoorNummer': '5'}]",[],True,True,True,NL,52.29844,4.95972,200,1200,2011-05-01,Amsterdam Holendrecht,Holendrecht,Holendrcht,ASHD,stationV2
8400079,STOPTREIN_STATION,8400079,ASDL,79,"[{'spoorNummer': '1'}, {'spoorNummer': '2'}]",[],True,True,True,NL,52.3577766418457,4.83388900756836,200,1200,1990-01-01,Amsterdam Lelylaan,Lelylaan,Lelylaan,ASDL,stationV2
8400060,STOPTREIN_STATION,8400060,ASDM,60,"[{'spoorNummer': '2'}, {'spoorNummer': '3'}, {'spoorNummer': '8'}, {'spoorNummer': '9'}]",[],True,True,True,NL,52.3605537414551,4.93111133575439,260,800,2011-05-01,Amsterdam Muiderpoort,Muiderpoort,Muiderprt,ASDM,stationV2
8400056,STOPTREIN_STATION,8400056,RAI,56,"[{'spoorNummer': '1'}, {'spoorNummer': '2'}, {'spoorNummer': '3'}, {'spoorNummer': '4'}]",[],True,True,True,NL,52.3372230529785,4.89027786254883,200,1200,2006-12-23,Amsterdam RAI,RAI,RAI,RAI,stationV2
8400235,STOPTREIN_STATION,8400083,ASSP,235,"[{'spoorNummer': '1'}, {'spoorNummer': '2'}]",[],True,True,True,NL,52.35526,4.94651,200,1200,2011-05-01,Amsterdam Science Park,Science Park,Scienceprk,ASSP,stationV2
8400065,STOPTREIN_STATION,8400065,ANA,65,"[{'spoorNummer': '1'}, {'spoorNummer': '2'}]",[],True,True,True,NL,52.8672218322754,4.81111097335815,200,1200,1990-01-01,Anna Paulowna,Anna Paulowna,Anna Paulo,ANA,stationV2
8400233,STOPTREIN_STATION,8400032,APDM,233,[{'spoorNummer': '1'}],[],True,True,True,NL,52.2052764892578,6.00055551528931,200,1200,2020-05-13,Apeldoorn De Maten,De Maten,De Maten,APDM,stationV2
8400229,STOPTREIN_STATION,8400033,APDO,229,"[{'spoorNummer': '1'}, {'spoorNummer': '2'}]",[],True,True,True,NL,52.2152786254883,6.00444459915161,200,1600,2006-12-10,Apeldoorn Osseveld,Osseveld,Osseveld,APDO,stationV2
8400067,STOPTREIN_STATION,8400067,APG,67,"[{'spoorNummer': '1'}, {'spoorNummer': '2'}]",[],True,True,True,NL,53.3258135,6.8619577,200,1200,2020-09-01,Appingedam,Appingedam,Appingedam,APG,stationV2
8400068,STOPTREIN_STATION,8400068,AKL,68,[{'spoorNummer': '1'}],[],True,True,True,NL,51.8719444274902,4.99277782440186,200,1200,2020-05-13,Arkel,Arkel,Arkel,AKL,stationV2
8400069,STOPTREIN_STATION,8400069,ARN,69,"[{'spoorNummer': '1'}, {'spoorNummer': '2'}]",[],True,True,True,NL,51.5016670227051,3.66916656494141,250,1200,2011-05-01,Arnemuiden,Arnemuiden,Arnemuiden,ARN,stationV2
8400075,STOPTREIN_STATION,8400075,AHPR,75,"[{'spoorNummer': '1'}, {'spoorNummer': '2'}]",[],True,True,True,NL,51.9880561828613,5.94388866424561,200,1200,1990-01-01,Arnhem Presikhaaf,Presikhaaf,Presikhaaf,AHPR,stationV2
8400072,STOPTREIN_STATION,8400072,AHP,72,"[{'spoorNummer': '1'}, {'spoorNummer': '2'}]",[],True,True,True,NL,51.985279083252,5.91944456100464,400,1200,2014-06-04,Arnhem Velperpoort,Velperpoort,Velperprt,AHP,stationV2
8400227,STOPTREIN_STATION,8400029,AHZ,227,"[{'spoorNummer': '1'}, {'spoorNummer': '2'}]",[],True,True,True,NL,51.9550018310547,5.85194444656372,200,1600,2014-04-02,Arnhem Zuid,Arnhem Zuid,Arnhem Z,AHZ,stationV2
8400089,STOPTREIN_STATION,8400089,BF,89,"[{'spoorNummer': '1'}, {'spoorNummer': '2'}]",[],True,True,True,NL,53.3608969,6.5185581,200,1200,2020-09-01,Baflo,Baflo,Baflo,BF,stationV2
8400090,STOPTREIN_STATION,8400090,BRD,90,"[{'spoorNummer': '1'}, {'spoorNummer': '2'}, {'spoorNummer': '3'}, {'spoorNummer': '4'}]",[],True,True,True,NL,51.8547210693359,4.5533332824707,200,1200,2011-05-01,Barendrecht,Barendrecht,Barendrcht,BRD,stationV2
8400091,STOPTREIN_STATION,8400091,BNC,91,"[{'spoorNummer': '1'}, {'spoorNummer': '2'}]",[],True,True,True,NL,52.1399993896484,5.59027767181396,200,1200,2020-05-13,Barneveld Centrum,Barneveld C.,Barnevld C,BNC,stationV2
8400092,STOPTREIN_STATION,8400092,BNN,92,[{'spoorNummer': '1'}],[],True,True,True,NL,52.1613883972168,5.59805536270142,200,1200,2020-05-13,Barneveld Noord,Barneveld Noord,Barnevld N,BNN,stationV2
8400115,STOPTREIN_STATION,8400111,BNZ,115,[{'spoorNummer': '1'}],[],True,True,True,NL,52.128853,5.60246,200,1200,2020-05-13,Barneveld Zuid,Barneveld Zuid,Barnevld Z,BNZ,stationV2
8400094,STOPTREIN_STATION,8400094,BDM,94,"[{'spoorNummer': '1'}, {'spoorNummer': '2'}]",[],True,True,True,NL,53.3068857,6.593054,200,1200,2020-09-01,Bedum,Bedum,Bedum,BDM,stationV2
8400096,STOPTREIN_STATION,8400096,BK,96,"[{'spoorNummer': '1'}, {'spoorNummer': '2'}]",[],True,True,True,NL,50.9474983215332,5.78666687011719,200,1200,2022-01-01,Beek-Elsloo,Beek-Elsloo,Beek-E,BK,stationV2
8400097,STOPTREIN_STATION,8400097,BSD,97,"[{'spoorNummer': '1'}, {'spoorNummer': '2'}]",[],True,True,True,NL,51.8994445800781,5.19444465637207,200,1200,2020-05-13,Beesd,Beesd,Beesd,BSD,stationV2
8400100,STOPTREIN_STATION,8400100,BL,100,"[{'spoorNummer': '1'}, {'spoorNummer': '2'}]",[],True,True,True,NL,52.8547210693359,6.52111101150513,300,1600,1998-09-02,Beilen,Beilen,Beilen,BL,stationV2
8400108,STOPTREIN_STATION,8400108,BGN,108,"[{'spoorNummer': '1'}, {'spoorNummer': '2'}]",[],True,True,True,NL,51.4938888549805,4.29611110687256,200,1200,2011-05-01,Bergen op Zoom,Bergen op Zoom,Bergen opZ,BGN,stationV2
8400112,STOPTREIN_STATION,8400112,BET,112,"[{'spoorNummer': '1'}, {'spoorNummer': '2'}, {'spoorNummer': '3'}, {'spoorNummer': '4'}]",[],True,True,True,NL,51.5099983215332,5.38916683197022,200,1200,2011-05-01,Best,Best,Best,BET,stationV2
8400113,STOPTREIN_STATION,8400113,BV,113,"[{'spoorNummer': '2'}, {'spoorNummer': '3'}, {'spoorNummer': '4'}, {'spoorNummer': '5'}]",[],True,True,True,NL,52.4783325195313,4.65666675567627,260,1200,2011-05-01,Beverwijk,Beverwijk,Beverwijk,BV,stationV2
8400114,STOPTREIN_STATION,8400114,BHV,114,"[{'spoorNummer': '1'}, {'spoorNummer': '2'}]",[],True,True,True,NL,52.1300010681152,5.20388889312744,200,1200,1990-01-01,Bilthoven,Bilthoven,Bilthoven,BHV,stationV2
8400117,STOPTREIN_STATION,8400117,BR,117,"[{'spoorNummer': '1'}, {'spoorNummer': '2'}, {'spoorNummer': '3'}, {'spoorNummer': '4'}]",[],True,True,False,NL,51.372501373291,6.15500020980835,525,1000,2016-12-11,Blerick,Blerick,Blerick,BR,stationV2
8400118,STOPTREIN_STATION,8400118,BLL,118,"[{'spoorNummer': '1'}, {'spoorNummer': '2'}]",[],True,True,True,NL,52.404167175293,4.62750005722046,200,1200,2011-05-01,Bloemendaal,Bloemendaal,Bloemendl,BLL,stationV2
8400121,STOPTREIN_STATION,8400121,BDG,121,"[{'spoorNummer': '1'}, {'spoorNummer': '2'}]",[],True,True,True,NL,52.0813903808594,4.7461109161377,200,1200,2011-05-01,Bodegraven,Bodegraven,Bodegraven,BDG,stationV2
8400124,STOPTREIN_STATION,8400124,BN,124,"[{'spoorNummer': '1'}, {'spoorNummer': '2'}]",[],True,True,True,NL,52.2988891601562,6.74805545806885,200,1600,2017-12-10,Borne,Borne,Borne,BN,stationV2
8400125,STOPTREIN_STATION,8400125,BSK,125,"[{'spoorNummer': '1'}, {'spoorNummer': '2'}]",[],True,True,True,NL,52.0777778625488,4.64694452285767,200,1200,2016-12-11,Boskoop,Boskoop,Boskoop,BSK,stationV2
8400126,STOPTREIN_STATION,8400126,BSKS,126,[{'spoorNummer': '1'}],[],True,True,True,NL,52.067658,4.646186,200,1200,2017-12-10,Boskoop Snijdelwijk,Snijdelwijk,Snijdelwk,BSKS,stationV2
8400236,STOPTREIN_STATION,8400098,BHDV,236,"[{'spoorNummer': '1'}, {'spoorNummer': '2'}]",[],True,True,True,NL,51.832222,4.878056,200,1200,2020-05-13,Boven-Hardinxveld,Boven-Hardinxv.,Boven-Har,BHDV,stationV2
8400230,STOPTREIN_STATION,8400230,BKF,230,[{'spoorNummer': '1'}],[],True,True,True,NL,52.6961097717285,5.25277757644653,250,1200,1990-01-01,Bovenkarspel Flora,Bovenkarspel Fl.,Bovenk Flo,BKF,stationV2
8400127,STOPTREIN_STATION,8400127,BKG,127,"[{'spoorNummer': '1'}, {'spoorNummer': '2'}]",[],True,True,True,NL,52.6949996948242,5.23777770996094,200,1200,1990-01-01,Bovenkarspel-Grootebroek,Bovenkarspel-Gr.,Bovenk-Gr,BKG,stationV2
8400132,STOPTREIN_STATION,8400132,BDPB,132,"[{'spoorNummer': '1'}, {'spoorNummer': '2'}]",[],True,True,False,NL,51.606388092041,4.72083330154419,200,1200,2011-05-01,Breda-Prinsenbeek,Prinsenbeek,Prinsenbk,BDPB,stationV2
8400136,STOPTREIN_STATION,8400136,BMN,136,"[{'spoorNummer': '1'}, {'spoorNummer': '2'}]",[],True,True,True,NL,52.0911102294922,6.14694452285767,200,1600,1990-01-01,Brummen,Brummen,Brummen,BMN,stationV2
8400140,STOPTREIN_STATION,8400140,BDE,140,"[{'spoorNummer': '1'}, {'spoorNummer': '2'}]",[],True,True,True,NL,50.8969459533691,5.73666667938232,200,1200,2022-01-01,Bunde,Bunde,Bunde,BDE,stationV2
8400141,STOPTREIN_STATION,8400141,BNK,141,"[{'spoorNummer': '1'}, {'spoorNummer': '2'}]",[],True,True,True,NL,52.0630569458008,5.19444465637207,200,1200,1990-01-01,Bunnik,Bunnik,Bunnik,BNK,stationV2
8400145,STOPTREIN_STATION,8400145,BSMZ,145,"[{'spoorNummer': '1'}, {'spoorNummer': '2'}]",[],True,True,True,NL,52.2658348083496,5.16305541992188,200,1200,1990-01-01,Bussum Zuid,Bussum Zuid,Bussum Z,BSMZ,stationV2
8400147,STOPTREIN_STATION,8400147,CPS,147,"[{'spoorNummer': '1'}, {'spoorNummer': '2'}]",[],True,True,True,NL,51.9541664123535,4.58416652679443,200,1200,2007-12-09,Capelle Schollevaar,Schollevaar,Schollevr,CPS,stationV2
8400152,STOPTREIN_STATION,8400152,CVM,152,[{'spoorNummer': '1'}],[],True,True,True,NL,50.8761100769043,6.05972242355347,200,1200,2022-01-01,Chevremont,Chevremont,Chevremont,CVM,stationV2
8400155,STOPTREIN_STATION,8400155,CK,155,"[{'spoorNummer': '1'}, {'spoorNummer': '2'}, {'spoorNummer': '3'}]",[],True,True,True,NL,51.7266825879048,5.87429523468017,200,1200,2020-05-13,Cuijk,Cuijk,Cuijk,CK,stationV2
8400154,STOPTREIN_STATION,8400154,CL,154,"[{'spoorNummer': '1'}, {'spoorNummer': '2'}]",[],True,True,True,NL,51.9466667175293,5.22694444656372,200,1200,1990-01-01,Culemborg,Culemborg,Culemborg,CL,stationV2
8400164,STOPTREIN_STATION,8400164,DA,164,"[{'spoorNummer': '1a'}, {'spoorNummer': '1b'}]",[],True,True,True,NL,52.4407702,6.5759947,200,1200,2020-05-13,Daarlerveen,Daarlerveen,Daarlervn,DA,stationV2
8400161,STOPTREIN_STATION,8400161,DLN,161,[{'spoorNummer': '1'}],[],True,True,True,NL,52.6941680908203,6.75805568695068,200,1600,2020-05-13,Dalen,Dalen,Dalen,DLN,stationV2
8400188,STOPTREIN_STATION,8400188,DVNK,188,"[{'spoorNummer': '1'}, {'spoorNummer': '2'}, {'spoorNummer': '3'}, {'spoorNummer': '4'}]",[],True,True,True,NL,52.1472206115723,4.4563889503479,200,1200,2011-05-01,De Vink,De Vink,De Vink,DVNK,stationV2
8400745,STOPTREIN_STATION,8400745,DWE,745,"[{'spoorNummer': '1'}, {'spoorNummer': '2'}]",[],True,True,True,NL,53.24817,6.03463,200,1200,2020-09-01,De Westereen,De Westereen,Westereen,DWE,stationV2
8400168,STOPTREIN_STATION,8400168,DEI,168,[{'spoorNummer': '1'}],[],True,True,True,NL,53.1888115,5.7281572,200,1200,2020-09-01,Deinum,Deinum,Deinum,DEI,stationV2
8400169,STOPTREIN_STATION,8400169,DDN,169,"[{'spoorNummer': '1'}, {'spoorNummer': '2'}]",[],True,True,True,NL,52.2599983215332,6.7161111831665,200,1200,2020-05-13,Delden,Delden,Delden,DDN,stationV2
8400166,STOPTREIN_STATION,8400166,DTCP,166,"[{'spoorNummer': '1'}, {'spoorNummer': '2'}]",[],True,True,True,NL,51.9908332824707,4.36472225189209,200,1200,2019-12-15,Delft Campus,Delft Campus,Delft Camp,DTCP,stationV2
8400171,STOPTREIN_STATION,8400171,DZ,171,"[{'spoorNummer': '1'}, {'spoorNummer': '2'}]",[],True,True,True,NL,53.3336625,6.9240797,200,1200,2020-09-01,Delfzijl,Delfzijl,Delfzijl,DZ,stationV2
8400175,STOPTREIN_STATION,8400175,DZW,175,[{'spoorNummer': '1'}],[],True,True,True,NL,53.3320834,6.9069092,200,1200,2020-09-01,Delfzijl West,Delfzijl West,Delfzijl W,DZW,stationV2
8400278,STOPTREIN_STATION,8400278,GVM,278,"[{'spoorNummer': '1'}, {'spoorNummer': '2'}, {'spoorNummer': '3'}, {'spoorNummer': '4'}]",[],True,True,True,NL,52.0905570983887,4.36944437026978,200,1200,2011-05-01,Den Haag Mariahoeve,Mariahoeve,Mariahoeve,GVM,stationV2
8400279,STOPTREIN_STATION,8400279,GVMW,279,"[{'spoorNummer': '1'}, {'spoorNummer': '2'}, {'spoorNummer': '3'}, {'spoorNummer': '4'}]",[],True,True,True,NL,52.0538902282715,4.3086109161377,200,1200,2011-05-01,Den Haag Moerwijk,Moerwijk,Moerwijk,GVMW,stationV2
8400379,STOPTREIN_STATION,8400030,YPB,379,"[{'spoorNummer': '1'}, {'spoorNummer': '2'}]",[],True,True,True,NL,52.0552787780762,4.39222240447998,200,1200,2011-05-01,Den Haag Ypenburg,Ypenburg,Ypenburg,YPB,stationV2
8400303,STOPTREIN_STATION,8400303,HDRZ,303,"[{'spoorNummer': '1'}, {'spoorNummer': '2'}]",[],True,True,True,NL,52.9324989318848,4.76416683197022,200,1200,1990-01-01,Den Helder Zuid,Den Helder Zuid,Dn Heldr Z,HDRZ,stationV2
8400172,STOPTREIN_STATION,8400172,DN,172,"[{'spoorNummer': '1'}, {'spoorNummer': '2'}, {'spoorNummer': '3'}]",[],True,True,True,NL,51.4558334350586,5.78888893127441,200,1600,2011-05-01,Deurne,Deurne,Deurne,DN,stationV2
8400185,STOPTREIN_STATION,8400185,DVC,185,"[{'spoorNummer': '1'}, {'spoorNummer': '2'}]",[],True,True,True,NL,52.2502784729004,6.21444463729858,200,1200,2005-01-01,Deventer Colmschate,Colmschate,Colmschate,DVC,stationV2
8400174,STOPTREIN_STATION,8400174,DID,174,"[{'spoorNummer': '1'}, {'spoorNummer': '2'}]",[],True,True,True,NL,51.933502,6.1324106,200,1200,2020-05-13,Didam,Didam,Didam,DID,stationV2
8400165,STOPTREIN_STATION,8400165,DMN,165,"[{'spoorNummer': '1'}, {'spoorNummer': '2'}]",[],True,True,True,NL,52.34515,4.967566,300,1200,2011-05-01,Diemen,Diemen,Diemen,DMN,stationV2
8400163,STOPTREIN_STATION,8400163,DMNZ,163,"[{'spoorNummer': '1'}, {'spoorNummer': '2'}]",[],True,True,True,NL,52.3302764892578,4.95583343505859,200,1200,1993-05-01,Diemen Zuid,Diemen Zuid,Diemen Z,DMNZ,stationV2
8400184,STOPTREIN_STATION,8400184,DTCH,184,[{'spoorNummer': '1'}],[],True,True,True,NL,51.9591413,6.2598521,200,1200,2020-05-13,Doetinchem De Huet,De Huet,De Huet,DTCH,stationV2
8400186,STOPTREIN_STATION,8400186,DDRS,186,"[{'spoorNummer': '1'}, {'spoorNummer': '2'}]",[],True,True,True,NL,51.801944732666,4.71666669845581,200,1200,2020-05-13,Dordrecht Stadspolders,Stadspolders,Stadspldrs,DDRS,stationV2
8400181,STOPTREIN_STATION,8400181,DDZD,181,"[{'spoorNummer': '1'}, {'spoorNummer': '2'}]",[],True,True,False,NL,51.7900009155273,4.67138910293579,200,1200,2011-05-01,Dordrecht Zuid,Dordrecht Zuid,Dordrcht Z,DDZD,stationV2
8400183,STOPTREIN_STATION,8400183,DRH,183,"[{'spoorNummer': '1'}, {'spoorNummer': '2'}]",[],True,True,True,NL,52.4425010681152,4.63805532455444,200,1200,2011-05-01,Driehuis,Driehuis,Driehuis,DRH,stationV2
8400192,STOPTREIN_STATION,8400192,DRP,192,"[{'spoorNummer': '1'}, {'spoorNummer': '2'}]",[],True,True,True,NL,53.1778086,5.6347411,200,1200,2020-09-01,Dronryp,Dronryp,Dronryp,DRP,stationV2
8400198,STOPTREIN_STATION,8400198,DRON,198,"[{'spoorNummer': '1'}, {'spoorNummer': '4'}]",[],True,True,True,NL,52.5344,5.72089,200,1200,2012-12-09,Dronten,Dronten,Dronten,DRON,stationV2
8400193,STOPTREIN_STATION,8400193,DVN,193,"[{'spoorNummer': '1'}, {'spoorNummer': '2'}]",[],True,True,True,NL,51.9433326721191,6.01472234725952,200,1200,2020-05-13,Duiven,Duiven,Duiven,DVN,stationV2
8400195,STOPTREIN_STATION,8400195,EC,195,"[{'spoorNummer': '1'}, {'spoorNummer': '2'}]",[],True,True,True,NL,51.1005554199219,5.87888908386231,200,1200,2022-01-01,Echt,Echt,Echt,EC,stationV2
8400201,STOPTREIN_STATION,8400201,EDC,201,[{'spoorNummer': '1'}],[],True,True,True,NL,52.0436096191406,5.66833353042603,200,1200,2020-05-13,Ede Centrum,Ede C.,Ede C,EDC,stationV2
8400202,STOPTREIN_STATION,8400202,EEM,202,[{'spoorNummer': '1'}],[],True,True,True,NL,53.458419,6.832,200,1200,2020-09-01,Eemshaven,Eemshaven,Eemshaven,EEM,stationV2
8400219,STOPTREIN_STATION,8400219,EDN,219,"[{'spoorNummer': '1'}, {'spoorNummer': '2'}]",[],True,True,True,NL,50.7719459533691,5.71000003814697,200,1200,2011-05-01,Eijsden,Eijsden,Eijsden,EDN,stationV2
8400196,STOPTREIN_STATION,8400196,EHS,196,"[{'spoorNummer': '1'}, {'spoorNummer': '2'}, {'spoorNummer': '3'}, {'spoorNummer': '4'}]",[],True,True,True,NL,51.4511108398438,5.45583343505859,200,1200,2015-12-13,Eindhoven Strijp-S,Strijp-S,Strijp-S,EHS,stationV2
8400210,STOPTREIN_STATION,8400210,EKZ,210,"[{'spoorNummer': '1'}, {'spoorNummer': '2'}]",[],True,True,True,NL,52.6991653442383,5.28638887405396,200,1200,1990-01-01,Enkhuizen,Enkhuizen,Enkhuizen,EKZ,stationV2
8400217,STOPTREIN_STATION,8400012,ESE,217,[{'spoorNummer': '1'}],"['Eschmarke', 'De Eschmarke']",True,True,True,NL,52.2213897705078,6.95111131668091,200,1200,2020-05-13,Enschede De Eschmarke,De Eschmarke,Eschmarke,ESE,stationV2
8400221,STOPTREIN_STATION,8400213,ESK,221,"[{'spoorNummer': '1'}, {'spoorNummer': '2'}]",[],True,True,True,NL,52.2374992370605,6.83888912200928,200,1600,2017-12-10,Enschede Kennispark,Kennispark,Kennispark,ESK,stationV2
8400216,STOPTREIN_STATION,8400216,EML,216,"[{'spoorNummer': '1'}, {'spoorNummer': '2'}]",[],True,True,True,NL,52.3016662597656,5.61472225189209,200,1200,1990-01-01,Ermelo,Ermelo,Ermelo,EML,stationV2
8400338,STOPTREIN_STATION,8400338,EGH,338,"[{'spoorNummer': '1'}, {'spoorNummer': '2'}]",[],True,True,True,NL,50.8905563354492,6.04500007629395,200,1200,2022-01-01,Eygelshoven,Eygelshoven,Eygelshov,EGH,stationV2
8400234,STOPTREIN_STATION,8400043,EGHM,234,[{'spoorNummer': '1'}],[],True,True,False,NL,50.8960498196442,6.0602474212646396,200,1200,2022-01-01,Eygelshoven Markt,Eygelshoven Mrkt,Eygelsh M,EGHM,stationV2
8400638,STOPTREIN_STATION,8400638,FWD,638,"[{'spoorNummer': '1'}, {'spoorNummer': '2'}]",['Feanwalden'],True,True,True,NL,53.2351834,5.9886615,200,1200,2020-09-01,Feanwâlden,Feanwâlden,Feanwâlden,FWD,stationV2
8400232,STOPTREIN_STATION,8400232,FN,232,"[{'spoorNummer': '1'}, {'spoorNummer': '2'}]",['Frjentsjer'],True,True,True,NL,53.1824488,5.5483094,200,1200,2020-09-01,Franeker,Franeker,Franeker,FN,stationV2
8400241,STOPTREIN_STATION,8400034,GDR,241,[{'spoorNummer': '1'}],[],True,True,True,NL,51.93074,6.3486,200,1200,2020-05-13,Gaanderen,Gaanderen,Gaanderen,GDR,stationV2
8400246,STOPTREIN_STATION,8400246,GLN,246,"[{'spoorNummer': '1'}, {'spoorNummer': '2'}]",[],True,True,True,NL,50.9669456481934,5.84305572509766,200,1200,2022-01-01,Geleen Oost,Geleen Oost,Geleen O,GLN,stationV2
8400248,STOPTREIN_STATION,8400248,LUT,248,"[{'spoorNummer': '1'}, {'spoorNummer': '2'}]",[],True,True,True,NL,50.9755554199219,5.82472229003906,200,1200,2022-01-01,Geleen-Lutterade,Geleen-Lut.,Geleen-Lut,LUT,stationV2
8400251,STOPTREIN_STATION,8400251,GZ,251,"[{'spoorNummer': '3'}, {'spoorNummer': '4'}]",[],True,True,False,NL,51.583610534668,4.92611122131348,200,1200,2002-01-01,Gilze-Rijen,Gilze-Rijen,Gilze-Rij,GZ,stationV2
8400262,STOPTREIN_STATION,8400011,GBR,262,[{'spoorNummer': '1'}],[],True,True,True,NL,52.2186126708984,6.97444438934326,200,1200,2020-05-13,Glanerbrug,Glanerbrug,Glanerbrug,GBR,stationV2
8400253,STOPTREIN_STATION,8400253,GS,253,"[{'spoorNummer': '1'}, {'spoorNummer': '2'}]",[],True,True,True,NL,51.4980545043945,3.89055562019348,200,1200,2015-03-18,Goes,Goes,Goes,GS,stationV2
8400254,STOPTREIN_STATION,8400254,GO,254,"[{'spoorNummer': '1'}, {'spoorNummer': '2'}]",[],True,True,True,NL,52.2302780151367,6.58444452285767,200,1200,2020-05-13,Goor,Goor,Goor,GO,stationV2
8400257,STOPTREIN_STATION,8400257,GDG,257,"[{'spoorNummer': '1'}, {'spoorNummer': '2'}, {'spoorNummer': '3'}, {'spoorNummer': '4'}]",[],True,True,True,NL,52.0149993896484,4.7408332824707,200,1600,1993-05-01,Gouda Goverwelle,Goverwelle,Goverwelle,GDG,stationV2
8400259,STOPTREIN_STATION,8400259,GBG,259,"[{'spoorNummer': '1'}, {'spoorNummer': '2'}]",[],True,True,True,NL,52.6091651916504,6.67583322525024,200,1200,2020-05-13,Gramsbergen,Gramsbergen,Gramsbergn,GBG,stationV2
8400267,STOPTREIN_STATION,8400267,GK,267,"[{'spoorNummer': '1'}, {'spoorNummer': '2'}]",[],True,True,True,NL,53.2557403255735,6.30977869033813,200,1200,2020-09-01,Grijpskerk,Grijpskerk,Grijpskerk,GK,stationV2
8400238,STOPTREIN_STATION,8400042,GERP,238,"[{'spoorNummer': '1'}, {'spoorNummer': '2'}, {'spoorNummer': '3'}, {'spoorNummer': '4'}]",[],True,True,True,NL,53.20480027,6.5854178,200,1200,2014-04-02,Groningen Europapark,Europapark,Europapark,GERP,stationV2
8400264,STOPTREIN_STATION,8400264,GNN,264,"[{'spoorNummer': '1'}, {'spoorNummer': '2'}]",[],True,True,True,NL,53.2301469,6.5563172,200,1200,2020-09-01,Groningen Noord,Groningen Noord,Groningn N,GNN,stationV2
8400266,STOPTREIN_STATION,8400266,GW,266,"[{'spoorNummer': '1'}, {'spoorNummer': '2'}]",[],True,True,True,NL,53.0888900756836,5.82250022888184,200,1600,1999-05-30,Grou-Jirnsum,Grou-Jirnsum,Grou-Jirns,GW,stationV2
8400270,STOPTREIN_STATION,8402735,HLMS,270,"[{'spoorNummer': '1'}, {'spoorNummer': '2'}]",[],True,True,True,NL,52.3827781677246,4.67305564880371,200,1200,2011-05-01,Haarlem Spaarnwoude,Spaarnwoude,Spaarnwde,HLMS,stationV2
8400400,STOPTREIN_STATION,8400400,HWZB,400,"[{'spoorNummer': '1'}, {'spoorNummer': '2'}]",[],True,True,True,NL,52.385935,4.747165,200,1200,2012-12-09,Halfweg-Zwanenburg,Halfweg-Zw.,Halfweg-Zw,HWZB,stationV2
8400438,STOPTREIN_STATION,8400104,HBZM,438,[{'spoorNummer': '1'}],[],True,True,True,NL,51.82944,4.815663,200,1200,2020-05-13,Hardinxveld Blauwe Zoom,Blauwe Zoom,Blauwe Zm,HBZM,stationV2
8400295,STOPTREIN_STATION,8400295,GND,295,"[{'spoorNummer': '1'}, {'spoorNummer': '2'}]",[],True,True,True,NL,51.8305549621582,4.83583354949951,200,1200,2020-05-13,Hardinxveld-Giessendam,Hardinxveld-G.,Hardinxvld,GND,stationV2
8400297,STOPTREIN_STATION,8400297,HRN,297,"[{'spoorNummer': '1'}, {'spoorNummer': '2'}]",[],True,True,True,NL,53.1761093139648,6.61722230911255,300,1600,1998-09-02,Haren,Haren,Haren,HRN,stationV2
8400296,STOPTREIN_STATION,8400296,HLG,296,"[{'spoorNummer': '1'}, {'spoorNummer': '2'}]",['Harns'],True,True,True,NL,53.1704205,5.4251932,200,1200,2020-09-01,Harlingen,Harlingen,Harlingen,HLG,stationV2
8400298,STOPTREIN_STATION,8479003,HLGH,298,[{'spoorNummer': '1'}],['Harns Haven'],True,True,True,NL,53.174917,5.4112885,200,1200,2020-09-01,Harlingen Haven,Harlingen Haven,Harl Haven,HLGH,stationV2
8400317,STOPTREIN_STATION,8400317,HK,317,"[{'spoorNummer': '1'}, {'spoorNummer': '2'}]",[],True,True,True,NL,52.4952774047852,4.68694448471069,200,1200,1990-01-01,Heemskerk,Heemskerk,Heemskerk,HK,stationV2
8400404,STOPTREIN_STATION,8400087,HRLW,404,"[{'spoorNummer': '1'}, {'spoorNummer': '2'}]",[],True,True,True,NL,50.896667,5.952222,200,1200,2022-01-01,Heerlen Woonboulevard,Hrl Woonblvd,Heerlen W,HRLW,stationV2
8400308,STOPTREIN_STATION,8400308,HZE,308,"[{'spoorNummer': '1'}, {'spoorNummer': '2'}]",[],True,True,True,NL,51.3849983215332,5.56944465637207,200,1200,2011-05-01,Heeze,Heeze,Heeze,HZE,stationV2
8400309,STOPTREIN_STATION,8400309,HLO,309,"[{'spoorNummer': '1'}, {'spoorNummer': '2'}]",[],True,True,True,NL,52.5994453430176,4.70055532455444,200,1200,1990-01-01,Heiloo,Heiloo,Heiloo,HLO,stationV2
8400310,STOPTREIN_STATION,8400310,HNO,310,"[{'spoorNummer': '1'}, {'spoorNummer': '2'}]",[],True,True,True,NL,52.4272232055664,6.22111129760742,200,1200,2020-05-13,Heino,Heino,Heino,HNO,stationV2
8400300,STOPTREIN_STATION,8400300,HMH,300,"[{'spoorNummer': '1'}, {'spoorNummer': '2'}]",[],True,True,True,NL,51.46794,5.63085,200,1200,2011-05-01,Helmond 't Hout,'t Hout,'t Hout,HMH,stationV2
8400242,STOPTREIN_STATION,8400035,HMBV,242,"[{'spoorNummer': '1'}, {'spoorNummer': '2'}]",[],True,True,False,NL,51.4622230529785,5.60722208023071,200,1200,2011-05-01,Helmond Brandevoort,Brandevoort,Brandevrt,HMBV,stationV2
8400299,STOPTREIN_STATION,8400299,HMBH,299,"[{'spoorNummer': '1'}, {'spoorNummer': '2'}]",[],True,True,True,NL,51.47068,5.70177,200,1200,2011-05-01,Helmond Brouwhuis,Brouwhuis,Brouwhuis,HMBH,stationV2
8400315,STOPTREIN_STATION,8400315,HMN,315,"[{'spoorNummer': '1'}, {'spoorNummer': '2'}]",[],True,True,True,NL,51.9222129,5.6737254,200,1200,2020-05-13,Hemmen-Dodewaard,Hemmen-Dodew.,Hemmen-D,HMN,stationV2
8400433,STOPTREIN_STATION,8400433,HGLG,433,[{'spoorNummer': '1'}],[],True,True,True,NL,52.261667,6.767778,200,1200,2020-05-13,Hengelo Gezondheidspark,Hengelo Gezondh.,Gezondhprk,HGLG,stationV2
8400312,STOPTREIN_STATION,8400312,HGLO,312,"[{'spoorNummer': '1'}, {'spoorNummer': '2'}]",[],True,True,True,NL,52.2688903808594,6.81944465637207,200,1200,2020-05-13,Hengelo Oost,Hengelo Oost,Hengelo O,HGLO,stationV2
8400329,STOPTREIN_STATION,8400005,HIL,329,"[{'spoorNummer': '1'}, {'spoorNummer': '2'}]",[],True,True,True,NL,52.3025016784668,4.56555557250977,200,1200,2011-05-01,Hillegom,Hillegom,Hillegom,HIL,stationV2
8400324,STOPTREIN_STATION,8400324,HVSM,324,"[{'spoorNummer': '1'}, {'spoorNummer': '2'}]",[],True,True,True,NL,52.2380561828613,5.17388868331909,200,1200,1990-01-01,Hilversum Media Park,Media Park,Media Park,HVSM,stationV2
8400570,STOPTREIN_STATION,8400570,HVSP,570,"[{'spoorNummer': '1'}, {'spoorNummer': '2'}]",[],True,True,True,NL,52.2161102294922,5.18722200393677,200,1200,1990-01-01,Hilversum Sportpark,Sportpark,Sportpark,HVSP,stationV2
8400323,STOPTREIN_STATION,8400323,HNP,323,[{'spoorNummer': '1'}],['Hylpen'],True,True,True,NL,52.9464903,5.423063,200,1200,2020-09-01,Hindeloopen,Hindeloopen,Hindeloopn,HNP,stationV2
8400326,STOPTREIN_STATION,8400326,HB,326,"[{'spoorNummer': '1'}, {'spoorNummer': '2'}]",[],True,True,True,NL,50.9055557250977,5.93055534362793,200,1200,2022-01-01,Hoensbroek,Hoensbroek,Hoensbroek,HB,stationV2
8400490,STOPTREIN_STATION,8400490,HVL,490,"[{'spoorNummer': '1'}, {'spoorNummer': '2'}]",[],True,True,True,NL,52.16652,5.45718,200,1200,2020-05-13,Hoevelaken,Hoevelaken,Hoevelaken,HVL,stationV2
8400327,STOPTREIN_STATION,8400327,HOR,327,"[{'spoorNummer': '1'}, {'spoorNummer': '2'}]",[],True,True,True,NL,52.1777763366699,5.17916679382324,200,1200,1990-01-01,Hollandsche Rading,Holl. Rading,Hol Rading,HOR,stationV2
8400328,STOPTREIN_STATION,8400328,HON,328,"[{'spoorNummer': '1'}, {'spoorNummer': '2'}]",[],True,True,True,NL,52.2838897705078,6.42027759552002,200,1600,2002-08-18,Holten,Holten,Holten,HON,stationV2
8400332,STOPTREIN_STATION,8400332,HFD,332,"[{'spoorNummer': '1'}, {'spoorNummer': '2'}, {'spoorNummer': '3'}, {'spoorNummer': '4'}]",[],True,True,True,NL,52.2933349609375,4.70055532455444,200,1200,2011-05-01,Hoofddorp,Hoofddorp,Hoofddorp,HFD,stationV2
8400330,STOPTREIN_STATION,8400330,HGV,330,"[{'spoorNummer': '1'}, {'spoorNummer': '2'}, {'spoorNummer': '3'}]",[],True,True,True,NL,52.7338905334473,6.47361087799072,300,1600,1990-01-01,Hoogeveen,Hoogeveen,Hoogeveen,HGV,stationV2
8400334,STOPTREIN_STATION,8400334,HKS,334,"[{'spoorNummer': '1'}, {'spoorNummer': '2'}]",[],True,True,True,NL,52.6905555725098,5.18388891220093,200,1200,2008-01-01,Hoogkarspel,Hoogkarspel,Hoogkrspl,HKS,stationV2
8400336,STOPTREIN_STATION,8400336,HNK,336,"[{'spoorNummer': '1'}, {'spoorNummer': '2'}]",[],True,True,True,NL,52.6536102294922,5.08555555343628,200,1200,2011-05-01,Hoorn Kersenboogerd,Kersenboogerd,Hoorn Kers,HNK,stationV2
8400339,STOPTREIN_STATION,8400339,HRT,339,"[{'spoorNummer': '1'}, {'spoorNummer': '2'}, {'spoorNummer': '3'}]",[],True,True,True,NL,51.4263877868652,6.04222202301025,200,1600,2011-05-01,Horst-Sevenum,Horst-Sevenum,Horst-Sev,HRT,stationV2
8400335,STOPTREIN_STATION,8400010,HTNC,335,"[{'spoorNummer': '1'}, {'spoorNummer': '2'}]",[],True,True,True,NL,52.01701,5.17949,200,1200,2010-12-12,Houten Castellum,Castellum,Castellum,HTNC,stationV2
8400341,STOPTREIN_STATION,8400341,SGL,341,"[{'spoorNummer': '1'}, {'spoorNummer': '2'}]",[],True,True,True,NL,50.8733329772949,5.79722213745117,200,1200,2022-01-01,Houthem-St. Gerlach,Houthem-St Gerl.,Houthem-St,SGL,stationV2
8400292,STOPTREIN_STATION,8400292,HDG,292,"[{'spoorNummer': '1'}, {'spoorNummer': '2'}]",[],True,True,True,NL,53.2187783,5.934543,200,1200,2020-09-01,Hurdegaryp,Hurdegaryp,Hurdegaryp,HDG,stationV2
8400722,STOPTREIN_STATION,8400722,IJT,722,[{'spoorNummer': '1'}],['Drylts'],True,True,True,NL,53.0146614,5.6160801,200,1200,2020-09-01,IJlst,IJlst,IJlst,IJT,stationV2
8400353,STOPTREIN_STATION,8400353,KPN,353,[{'spoorNummer': '1'}],[],True,True,True,NL,52.5597229003906,5.92166662216186,200,1200,2020-05-13,Kampen,Kampen,Kampen,KPN,stationV2
8400360,STOPTREIN_STATION,8400360,KPNZ,360,"[{'spoorNummer': '1'}, {'spoorNummer': '2'}]",[],True,True,True,NL,52.5331,5.91309,200,1200,2012-12-09,Kampen Zuid,Kampen Zuid,Kampen Z,KPNZ,stationV2
8400354,STOPTREIN_STATION,8400354,BZL,354,"[{'spoorNummer': '1'}, {'spoorNummer': '2'}]",[],True,True,True,NL,51.4808349609375,3.95611119270325,200,1200,2011-05-01,Kapelle-Biezelinge,Kapelle-Biezel.,Kapelle-Bi,BZL,stationV2
8400359,STOPTREIN_STATION,8400359,KTR,359,"[{'spoorNummer': '3'}, {'spoorNummer': '4'}]",[],True,True,True,NL,51.9313869,5.5833465,200,1200,2020-05-13,Kesteren,Kesteren,Kesteren,KTR,stationV2
8400361,STOPTREIN_STATION,8400361,KBK,361,"[{'spoorNummer': '1'}, {'spoorNummer': '2'}]",[],True,True,True,NL,52.1780548095703,6.08361101150513,200,1200,2020-05-13,Klarenbeek,Klarenbeek,Klarenbk,KBK,stationV2
8400362,STOPTREIN_STATION,8400362,KMR,362,"[{'spoorNummer': '1'}, {'spoorNummer': '2'}]",[],True,True,True,NL,50.8663902282715,5.8905553817749,200,1200,2022-01-01,Klimmen-Ransdaal,Klimmen-Ransdaal,Klimmen-R,KMR,stationV2
8400363,STOPTREIN_STATION,8400363,KZ,363,"[{'spoorNummer': '1'}, {'spoorNummer': '2'}]",[],True,True,True,NL,52.458610534668,4.80555534362793,200,1200,2016-12-11,Koog aan de Zaan,Koog a.d. Zaan,Koog Zaan,KZ,stationV2
8400366,STOPTREIN_STATION,8400366,KMW,366,[{'spoorNummer': '1'}],['Koudum-Molkwar'],True,True,True,NL,52.9028197,5.4106913,200,1200,2020-09-01,Koudum-Molkwerum,Koudum-Molkwerum,Koudum-M,KMW,stationV2
8400367,STOPTREIN_STATION,8400367,KBD,367,"[{'spoorNummer': '1'}, {'spoorNummer': '2'}]",[],True,True,True,NL,51.4333343505859,4.11694431304932,250,1200,2011-05-01,Krabbendijke,Krabbendijke,Krabbendke,KBD,stationV2
8400368,STOPTREIN_STATION,8400368,KMA,368,"[{'spoorNummer': '1'}, {'spoorNummer': '2'}]",[],True,True,True,NL,52.49511,4.75417,200,1200,1990-01-01,Krommenie-Assendelft,Krommenie-Ass.,Krommenie,KMA,stationV2
8400369,STOPTREIN_STATION,8400369,KW,369,"[{'spoorNummer': '1'}, {'spoorNummer': '2'}]",[],True,True,True,NL,53.1617362,6.7220882,200,1200,2020-09-01,Kropswolde,Kropswolde,Kropswolde,KW,stationV2
8400370,STOPTREIN_STATION,8400370,KRG,370,"[{'spoorNummer': '1'}, {'spoorNummer': '2'}]",[],True,True,True,NL,51.4650001525879,4.03722238540649,200,1200,2011-05-01,Kruiningen-Yerseke,Kruiningen-Y.,Kruiningen,KRG,stationV2
8400135,STOPTREIN_STATION,8400135,LLZM,135,"[{'spoorNummer': '1'}, {'spoorNummer': '2'}]",[],True,True,True,NL,52.042222,4.517222,200,1200,2018-12-09,Lansingerland-Zoetermeer,Lansingerland,Lansingerl,LLZM,stationV2
8400386,STOPTREIN_STATION,8400386,LDM,386,"[{'spoorNummer': '1'}, {'spoorNummer': '2'}]",[],True,True,True,NL,51.8947219848633,5.09138870239258,200,1200,2020-05-13,Leerdam,Leerdam,Leerdam,LDM,stationV2
8400389,STOPTREIN_STATION,8400389,LWC,389,[{'spoorNummer': '1'}],['Ljouwert Camminghaburen'],True,True,True,NL,53.2021808,5.8422968,200,1200,2020-09-01,Leeuwarden Camminghaburen,Camminghaburen,Camminghab,LWC,stationV2
8400384,STOPTREIN_STATION,8400384,LDL,384,[{'spoorNummer': '1'}],[],True,True,True,NL,52.1469459533691,4.49249982833862,200,1200,2011-05-01,Leiden Lammenschans,Lammenschans,Leiden Lam,LDL,stationV2
8400395,STOPTREIN_STATION,8400395,LTV,395,"[{'spoorNummer': '1'}, {'spoorNummer': '2'}]",[],True,True,True,NL,52.01188,6.59641,200,1200,2020-05-13,Lichtenvoorde-Groenlo,Lichtenvoorde-G.,Lichtenv-G,LTV,stationV2
8400399,STOPTREIN_STATION,8400399,LC,399,"[{'spoorNummer': '1'}, {'spoorNummer': '2'}]",[],True,True,True,NL,52.1666679382324,6.42638874053955,200,1200,2020-05-13,Lochem,Lochem,Lochem,LC,stationV2
8400403,STOPTREIN_STATION,8400403,LP,403,"[{'spoorNummer': '1'}, {'spoorNummer': '2'}]",[],True,True,True,NL,53.3347145,6.7472625,200,1200,2020-09-01,Loppersum,Loppersum,Loppersum,LP,stationV2
8400405,STOPTREIN_STATION,8400405,LTN,405,"[{'spoorNummer': '1'}, {'spoorNummer': '2'}]",[],True,True,True,NL,52.085277557373,5.62444448471069,200,1200,2020-05-13,Lunteren,Lunteren,Lunteren,LTN,stationV2
8400432,STOPTREIN_STATION,8400088,MZ,432,"[{'spoorNummer': '1'}, {'spoorNummer': '2'}]",[],True,True,True,NL,51.304986,5.629796,200,1200,2011-05-01,Maarheeze,Maarheeze,Maarheeze,MZ,stationV2
8400419,STOPTREIN_STATION,8400419,MAS,419,"[{'spoorNummer': '2'}, {'spoorNummer': '3'}]",[],True,True,True,NL,52.1352767944336,5.03361129760742,200,1200,1990-01-01,Maarssen,Maarssen,Maarssen,MAS,stationV2
8400449,STOPTREIN_STATION,8400449,MTN,449,"[{'spoorNummer': '1'}, {'spoorNummer': '2'}]",[],True,True,True,NL,50.87087,5.71774,200,1200,2022-01-01,Maastricht Noord,Maastricht Noord,Maastr. N,MTN,stationV2
8400427,STOPTREIN_STATION,8400427,MG,427,"[{'spoorNummer': '1'}, {'spoorNummer': '2'}]",[],True,True,True,NL,53.1296368,5.7131996,200,1200,2020-09-01,Mantgum,Mantgum,Mantgum,MG,stationV2
8400430,STOPTREIN_STATION,8400430,MTH,430,"[{'spoorNummer': '1'}, {'spoorNummer': '2'}]",[],True,True,True,NL,53.1607232,6.7402989,200,1200,2020-09-01,Martenshoek,Martenshoek,Martenshk,MTH,stationV2
8400436,STOPTREIN_STATION,8400436,MDB,436,"[{'spoorNummer': '1'}, {'spoorNummer': '2'}]",[],True,True,True,NL,51.4947204589844,3.61722230911255,200,1200,2015-03-18,Middelburg,Middelburg,Middelburg,MDB,stationV2
8400446,STOPTREIN_STATION,8400077,MMLH,446,"[{'spoorNummer': '1'}, {'spoorNummer': '2'}]",[],True,True,True,NL,51.766262,5.879133,200,1200,2020-05-13,Mook-Molenhoek,Molenhoek,Mook-Molen,MMLH,stationV2
8400460,STOPTREIN_STATION,8400460,NVP,460,"[{'spoorNummer': '1'}, {'spoorNummer': '2'}]",[],True,True,True,NL,52.2588882446289,4.64555549621582,200,1200,2011-05-01,Nieuw Vennep,Nieuw Vennep,Nw Vennep,NVP,stationV2
8400455,STOPTREIN_STATION,8400455,NWK,455,"[{'spoorNummer': '1'}, {'spoorNummer': '2'}]",[],True,True,True,NL,51.9652786254883,4.61694431304932,200,1200,2011-05-01,Nieuwerkerk a/d IJssel,Nieuwerkerk,Nieuwerkrk,NWK,stationV2
8400469,STOPTREIN_STATION,8400469,NKK,469,"[{'spoorNummer': '1'}, {'spoorNummer': '2'}]",[],True,True,True,NL,52.2222213745117,5.49388885498047,200,1600,1990-01-01,Nijkerk,Nijkerk,Nijkerk,NKK,stationV2
8400475,STOPTREIN_STATION,8400475,NMD,475,"[{'spoorNummer': '1'}, {'spoorNummer': '2'}]",[],True,True,True,NL,51.8241653442383,5.79555559158325,200,1200,2011-05-01,Nijmegen Dukenburg,Dukenburg,Dukenburg,NMD,stationV2
8400477,STOPTREIN_STATION,8400109,NMGO,477,"[{'spoorNummer': '1'}, {'spoorNummer': '2'}]",[],True,True,True,NL,51.8273,5.822722,200,1200,2014-12-14,Nijmegen Goffert,Goffert,Goffert,NMGO,stationV2
8400468,STOPTREIN_STATION,8400468,NMH,468,"[{'spoorNummer': '1'}, {'spoorNummer': '2'}]",[],True,True,True,NL,51.8269462585449,5.86749982833862,200,1200,2020-05-13,Nijmegen Heyendaal,Nm Heyendaal,Heyendaal,NMH,stationV2
8400451,STOPTREIN_STATION,8400016,NML,451,"[{'spoorNummer': '1'}, {'spoorNummer': '2'}]",[],True,True,True,NL,51.863154,5.859625,200,500,2011-05-01,Nijmegen Lent,Lent,Lent,NML,stationV2
8400472,STOPTREIN_STATION,8400472,NVD,472,"[{'spoorNummer': '1'}, {'spoorNummer': '2'}]",[],True,True,True,NL,52.366111,6.462,200,1200,2020-05-13,Nijverdal,Nijverdal,Nijverdal,NVD,stationV2
8400466,STOPTREIN_STATION,8400466,NS,466,"[{'spoorNummer': '1'}, {'spoorNummer': '2'}]",[],True,True,True,NL,52.3708343505859,5.78527784347534,200,1200,1990-01-01,Nunspeet,Nunspeet,Nunspeet,NS,stationV2
8400467,STOPTREIN_STATION,8400467,NH,467,"[{'spoorNummer': '1'}, {'spoorNummer': '2'}]",[],True,True,True,NL,50.9194450378418,5.89277791976929,200,1200,2022-01-01,Nuth,Nuth,Nuth,NH,stationV2
8400480,STOPTREIN_STATION,8400480,OBD,480,"[{'spoorNummer': '1'}, {'spoorNummer': '2'}]",[],True,True,True,NL,52.6780548095703,4.90722227096558,200,1200,1995-01-01,Obdam,Obdam,Obdam,OBD,stationV2
8400482,STOPTREIN_STATION,8400482,OT,482,"[{'spoorNummer': '1'}, {'spoorNummer': '2'}]",[],True,True,True,NL,51.5822219848633,5.19416666030884,200,1200,1990-01-01,Oisterwijk,Oisterwijk,Oisterwijk,OT,stationV2
8400483,STOPTREIN_STATION,8400483,ODZ,483,"[{'spoorNummer': '1'}, {'spoorNummer': '1a'}, {'spoorNummer': '1b'}, {'spoorNummer': '2'}]",[],True,True,True,NL,52.3063888549805,6.93472242355347,200,1200,2020-05-13,Oldenzaal,Oldenzaal,Oldenzaal,ODZ,stationV2
8400489,STOPTREIN_STATION,8400489,OTB,489,"[{'spoorNummer': '1'}, {'spoorNummer': '2'}]",[],True,True,True,NL,51.9949989318848,5.84000015258789,200,1200,1990-01-01,Oosterbeek,Oosterbeek,Oosterbeek,OTB,stationV2
8400494,STOPTREIN_STATION,8400494,OP,494,"[{'spoorNummer': '1'}, {'spoorNummer': '2'}]",[],True,True,True,NL,51.9261615,5.6371145,200,1200,2020-05-13,Opheusden,Opheusden,Opheusden,OP,stationV2
8400496,STOPTREIN_STATION,8400496,OW,496,"[{'spoorNummer': '1'}, {'spoorNummer': '2'}]",[],True,True,True,NL,51.758056640625,5.50555562973022,200,1200,2011-05-01,Oss West,Oss West,Oss W,OW,stationV2
8400498,STOPTREIN_STATION,8400498,ODB,498,"[{'spoorNummer': '1'}, {'spoorNummer': '2'}, {'spoorNummer': '3'}]",[],True,True,True,NL,51.587776184082,4.53333330154419,200,1200,2011-05-01,Oudenbosch,Oudenbosch,Oudenbosch,ODB,stationV2
8400501,STOPTREIN_STATION,8400501,OVN,501,"[{'spoorNummer': '1'}, {'spoorNummer': '2'}]",[],True,True,True,NL,52.3911094665527,4.6061110496521,200,1200,2011-05-01,Overveen,Overveen,Overveen,OVN,stationV2
8400506,STOPTREIN_STATION,8400506,PMO,506,"[{'spoorNummer': '1'}, {'spoorNummer': '2'}]",[],True,True,True,NL,52.5113906860352,4.96833324432373,200,1200,1990-01-01,Purmerend Overwhere,Overwhere,Overwhere,PMO,stationV2
8400499,STOPTREIN_STATION,8400046,PMW,499,"[{'spoorNummer': '1'}, {'spoorNummer': '2'}]",[],True,True,False,NL,52.4965906325416,4.93562936782836,200,1200,2007-12-09,Purmerend Weidevenne,Weidevenne,Weidevenne,PMW,stationV2
8400509,STOPTREIN_STATION,8400509,PT,509,"[{'spoorNummer': '1'}, {'spoorNummer': '2'}]",[],True,True,True,NL,52.2649993896484,5.57527780532837,200,1200,1990-01-01,Putten,Putten,Putten,PT,stationV2
8400513,STOPTREIN_STATION,8400513,RAT,513,"[{'spoorNummer': '1'}, {'spoorNummer': '2'}]",[],True,True,True,NL,52.3916664123535,6.27750015258789,200,1200,2020-05-13,Raalte,Raalte,Raalte,RAT,stationV2
8400515,STOPTREIN_STATION,8400515,RVS,515,"[{'spoorNummer': '1'}, {'spoorNummer': '2'}]",[],True,True,True,NL,51.7941665649414,5.63583326339722,200,1200,2011-05-01,Ravenstein,Ravenstein,Ravenstein,RVS,stationV2
8400518,STOPTREIN_STATION,8400518,RV,518,"[{'spoorNummer': '1'}, {'spoorNummer': '2'}]",[],True,True,True,NL,51.2832191665301,6.07895851135253,200,1200,2020-05-13,Reuver,Reuver,Reuver,RV,stationV2
8400519,STOPTREIN_STATION,8400519,RH,519,"[{'spoorNummer': '1'}, {'spoorNummer': '2'}]",[],True,True,True,NL,52.0101,6.0314,260,1600,1990-01-01,Rheden,Rheden,Rheden,RH,stationV2
8400538,STOPTREIN_STATION,8400538,RSN,538,"[{'spoorNummer': '2'}, {'spoorNummer': '3'}]",[],True,True,True,NL,52.3122215270996,6.52027797698975,200,1600,2015-09-30,Rijssen,Rijssen,Rijssen,RSN,stationV2
8400505,STOPTREIN_STATION,8400505,RSW,505,"[{'spoorNummer': '1'}, {'spoorNummer': '2'}, {'spoorNummer': '3'}, {'spoorNummer': '4'}]",[],True,True,True,NL,52.039722442627,4.31916666030884,200,1200,2011-05-01,Rijswijk,Rijswijk,Rijswijk,RSW,stationV2
8400521,STOPTREIN_STATION,8400521,RB,521,"[{'spoorNummer': '1'}, {'spoorNummer': '2'}]",[],True,True,True,NL,51.422779083252,4.16111087799072,250,1200,2011-05-01,Rilland-Bath,Rilland-Bath,Rilland-Ba,RB,stationV2
8400525,STOPTREIN_STATION,8400525,RD,525,[{'spoorNummer': '1'}],[],True,True,True,NL,53.421262,6.7587,200,1200,2020-09-01,Roodeschool,Roodeschool,Roodeschl,RD,stationV2
8400524,STOPTREIN_STATION,8400524,RS,524,"[{'spoorNummer': '1'}, {'spoorNummer': '2'}]",[],True,True,True,NL,51.7147216796875,5.36805534362793,200,1200,2011-05-01,Rosmalen,Rosmalen,Rosmalen,RS,stationV2
8400529,STOPTREIN_STATION,8400529,RTB,529,"[{'spoorNummer': '1'}, {'spoorNummer': '2'}, {'spoorNummer': '3'}, {'spoorNummer': '4'}]",[],True,True,True,NL,51.9202766418457,4.48888874053955,200,1200,2011-05-01,Rotterdam Blaak,Blaak,Blaak,RTB,stationV2
8400542,STOPTREIN_STATION,8400542,RLB,542,"[{'spoorNummer': '1'}, {'spoorNummer': '2'}, {'spoorNummer': '3'}, {'spoorNummer': '4'}]",[],True,True,True,NL,51.8800010681152,4.53138875961304,200,1200,2011-05-01,Rotterdam Lombardijen,Lombardijen,Lombardije,RLB,stationV2
8400531,STOPTREIN_STATION,8400531,RTN,531,"[{'spoorNummer': '1'}, {'spoorNummer': '2'}]",[],True,True,False,NL,51.9422225952148,4.48166656494141,200,1200,2007-12-09,Rotterdam Noord,Rotterdam Noord,Rotterdm N,RTN,stationV2
8400533,STOPTREIN_STATION,8400533,RTZ,533,"[{'spoorNummer': '1'}, {'spoorNummer': '2'}, {'spoorNummer': '3'}, {'spoorNummer': '4'}]",[],True,True,True,NL,51.9044456481934,4.51027774810791,200,1200,2011-05-01,Rotterdam Zuid,Rotterdam Zuid,Rotterdm Z,RTZ,stationV2
8400537,STOPTREIN_STATION,8400537,RL,537,"[{'spoorNummer': '1'}, {'spoorNummer': '2'}]",[],True,True,True,NL,52.0810888,6.4492656,200,1200,2020-05-13,Ruurlo,Ruurlo,Ruurlo,RL,stationV2
8400543,STOPTREIN_STATION,8400543,SPTN,543,"[{'spoorNummer': '1'}, {'spoorNummer': '3'}]",[],True,True,True,NL,52.4338874816895,4.63250017166138,200,1200,2011-05-01,Santpoort Noord,Santpoort Noord,Santprt N,SPTN,stationV2
8400544,STOPTREIN_STATION,8400544,SPTZ,544,"[{'spoorNummer': '1'}, {'spoorNummer': '2'}]",[],True,True,True,NL,52.4197235107422,4.63138866424561,200,1200,2011-05-01,Santpoort Zuid,Santpoort Zuid,Santprt Z,SPTZ,stationV2
8400603,STOPTREIN_STATION,8400102,SSH,603,"[{'spoorNummer': '1'}, {'spoorNummer': '2'}]",[],True,True,True,NL,52.215278,4.517222,200,1200,2011-12-11,Sassenheim,Sassenheim,Sassenheim,SSH,stationV2
8400547,STOPTREIN_STATION,8400547,SWD,547,"[{'spoorNummer': '1'}, {'spoorNummer': '2'}]",[],True,True,True,NL,53.29113,6.5404,200,1200,2020-09-01,Sauwerd,Sauwerd,Sauwerd,SWD,stationV2
8400549,STOPTREIN_STATION,8400549,SGN,549,"[{'spoorNummer': '1'}, {'spoorNummer': '2'}, {'spoorNummer': '3'}]",[],True,True,True,NL,52.7844429016113,4.80527782440186,200,1200,1990-01-01,Schagen,Schagen,Schagen,SGN,stationV2
8400551,STOPTREIN_STATION,8400551,SDA,551,"[{'spoorNummer': '1'}, {'spoorNummer': '2'}]",[],True,True,True,NL,53.1655362,6.9777775,200,1200,2020-09-01,Scheemda,Scheemda,Scheemda,SDA,stationV2
8400553,STOPTREIN_STATION,8400553,SDM,553,"[{'spoorNummer': '1'}, {'spoorNummer': '2'}, {'spoorNummer': '3'}, {'spoorNummer': '5'}]",[],True,True,True,NL,51.9212438128032,4.4089937210083,200,1200,2017-04-01,Schiedam Centrum,Schiedam C.,Schiedam C,SDM,stationV2
8400555,STOPTREIN_STATION,8400555,SOG,555,"[{'spoorNummer': '1'}, {'spoorNummer': '2'}]",[],True,True,True,NL,50.856388092041,5.87222242355347,200,1200,2022-01-01,Schin op Geul,Schin op Geul,Schin op G,SOG,stationV2
8400554,STOPTREIN_STATION,8400554,SN,554,"[{'spoorNummer': '1'}, {'spoorNummer': '2'}]",[],True,True,True,NL,50.9391670227051,5.87444448471069,200,1200,2022-01-01,Schinnen,Schinnen,Schinnen,SN,stationV2
8400565,STOPTREIN_STATION,8400565,SDT,565,"[{'spoorNummer': '1'}, {'spoorNummer': '2'}]",[],True,True,True,NL,51.8297233581543,4.77833318710327,200,1200,2020-05-13,Sliedrecht,Sliedrecht,Sliedrecht,SDT,stationV2
8400497,STOPTREIN_STATION,8400101,SDTB,497,[{'spoorNummer': '1'}],[],True,True,True,NL,51.829722,4.743333,200,1200,2020-05-13,Sliedrecht Baanhoek,Baanhoek,Baanhoek,SDTB,stationV2
8400574,STOPTREIN_STATION,8400574,SKND,574,"[{'spoorNummer': '1'}, {'spoorNummer': '2'}]",['Snits Noard'],True,True,True,NL,53.0409319,5.6631808,200,1200,2020-09-01,Sneek Noord,Sneek Noord,Sneek N,SKND,stationV2
8400571,STOPTREIN_STATION,8400571,STZ,571,[{'spoorNummer': '1'}],[],True,True,True,NL,52.1652793884277,5.30305576324463,200,1200,1990-01-01,Soest Zuid,Soest Zuid,Soest Z,STZ,stationV2
8400569,STOPTREIN_STATION,8400569,SD,569,[{'spoorNummer': '1'}],[],True,True,True,NL,52.1836128234863,5.30000019073486,200,1200,1990-01-01,Soestdijk,Soestdijk,Soestdijk,SD,stationV2
8400572,STOPTREIN_STATION,8400572,SBK,572,"[{'spoorNummer': '1'}, {'spoorNummer': '2'}]",[],True,True,True,NL,50.94327,5.850529,200,1200,2022-01-01,Spaubeek,Spaubeek,Spaubeek,SBK,stationV2
8400575,STOPTREIN_STATION,8400575,STV,575,[{'spoorNummer': '1'}],['Starum'],True,True,True,NL,52.8865535,5.3600212,200,1200,2020-09-01,Stavoren,Stavoren,Stavoren,STV,stationV2
8400576,STOPTREIN_STATION,8400576,STM,576,"[{'spoorNummer': '1'}, {'spoorNummer': '2'}]",[],True,True,True,NL,53.3262092,6.6875551,200,1200,2020-09-01,Stedum,Stedum,Stedum,STM,stationV2
8400582,STOPTREIN_STATION,8400582,SRN,582,"[{'spoorNummer': '1'}, {'spoorNummer': '2'}]",[],True,True,True,NL,51.0613899230957,5.86305570602417,200,1200,2022-01-01,Susteren,Susteren,Susteren,SRN,stationV2
8400583,STOPTREIN_STATION,8400583,SM,583,"[{'spoorNummer': '1'}, {'spoorNummer': '2'}]",[],True,True,True,NL,51.23582,6.03228,200,1200,2020-05-13,Swalmen,Swalmen,Swalmen,SM,stationV2
8400591,STOPTREIN_STATION,8400591,TG,591,"[{'spoorNummer': '1'}, {'spoorNummer': '2'}]",[],True,True,True,NL,51.33894,6.14253,200,1200,2020-05-13,Tegelen,Tegelen,Tegelen,TG,stationV2
8400592,STOPTREIN_STATION,8400592,TBG,592,"[{'spoorNummer': '1'}, {'spoorNummer': '2'}]",[],True,True,True,NL,51.9224549,6.3642466,200,1200,2020-05-13,Terborg,Terborg,Terborg,TBG,stationV2
8400600,STOPTREIN_STATION,8400036,TPSW,600,[{'spoorNummer': '1'}],[],True,True,True,NL,51.8738899230957,5.39222240447998,200,1200,2007-04-16,Tiel Passewaaij,Passewaaij,Passewaaij,TPSW,stationV2
8400598,STOPTREIN_STATION,8400021,TBR,598,"[{'spoorNummer': '1'}, {'spoorNummer': '2'}]",[],True,True,False,NL,51.5736122131348,4.99444437026978,200,1200,2003-12-14,Tilburg Reeshof,Reeshof,Reeshof,TBR,stationV2
8400594,STOPTREIN_STATION,8400594,TBU,594,"[{'spoorNummer': '1'}, {'spoorNummer': '2'}, {'spoorNummer': '3'}]",[],True,True,True,NL,51.564985,5.051778,300,500,2010-12-12,Tilburg Universiteit,Tilburg Uni.,Tilburg Un,TBU,stationV2
8400599,STOPTREIN_STATION,8400037,TWL,599,"[{'spoorNummer': '1'}, {'spoorNummer': '2'}]",[],True,True,True,NL,52.2377777099609,6.09861087799072,200,1600,2006-12-10,Twello,Twello,Twello,TWL,stationV2
8400617,STOPTREIN_STATION,8400617,UHZ,617,[{'spoorNummer': '1'}],[],True,True,True,NL,53.4099568,6.6748869,200,1200,2020-09-01,Uithuizen,Uithuizen,Uithuizen,UHZ,stationV2
8400618,STOPTREIN_STATION,8400618,UHM,618,"[{'spoorNummer': '1'}, {'spoorNummer': '2'}]",[],True,True,True,NL,53.4145845,6.7202975,200,1200,2020-09-01,Uithuizermeeden,Uithuizermeeden,Uithuizerm,UHM,stationV2
8400619,STOPTREIN_STATION,8400619,UST,619,"[{'spoorNummer': '1'}, {'spoorNummer': '2'}]",[],True,True,True,NL,53.4014742,6.6093776,200,1200,2020-09-01,Usquert,Usquert,Usquert,UST,stationV2
8400607,STOPTREIN_STATION,8400607,UTLR,607,"[{'spoorNummer': '1'}, {'spoorNummer': '4'}]",[],True,True,True,NL,52.09896,5.06523,200,1200,2018-05-16,Utrecht Leidsche Rijn,Leidsche Rijn,LeidscheRn,UTLR,stationV2
8400623,STOPTREIN_STATION,8400623,UTLN,623,"[{'spoorNummer': '1'}, {'spoorNummer': '2'}]",[],True,True,True,NL,52.0655555725098,5.14416646957397,200,1200,2016-06-08,Utrecht Lunetten,Lunetten,Lunetten,UTLN,stationV2
8400624,STOPTREIN_STATION,8400027,UTM,624,[{'spoorNummer': '2'}],['Spoorwegmuseum'],True,False,True,NL,52.087776184082,5.13138866424561,200,1200,2023-10-18,Utrecht Maliebaan,Maliebaan,Maliebaan,UTM,stationV2
8400614,STOPTREIN_STATION,8400022,UTT,614,"[{'spoorNummer': '1'}, {'spoorNummer': '4'}]",[],True,True,True,NL,52.1000753,5.0439547,200,1200,2003-12-14,Utrecht Terwijde,Terwijde,Terwijde,UTT,stationV2
8400613,STOPTREIN_STATION,8400039,UTZL,613,"[{'spoorNummer': '2'}, {'spoorNummer': '3'}]",[],True,True,False,NL,52.103055,5.09,200,1200,2008-01-01,Utrecht Zuilen,Zuilen,Zuilen,UTZL,stationV2
8400635,STOPTREIN_STATION,8400635,VSV,635,"[{'spoorNummer': '1'}, {'spoorNummer': '2'}]",[],True,True,True,NL,51.937257,6.458839,200,1200,2020-05-13,Varsseveld,Varsseveld,Varsseveld,VSV,stationV2
8400628,STOPTREIN_STATION,8400628,VNDW,628,"[{'spoorNummer': '1'}, {'spoorNummer': '2'}]",[],True,True,True,NL,52.0280570983887,5.53138875961304,200,1200,1990-01-01,Veenendaal West,Veenendaal West,Veenendl W,VNDW,stationV2
8400637,STOPTREIN_STATION,8400637,KLP,637,"[{'spoorNummer': '1'}, {'spoorNummer': '2'}]",[],True,True,True,NL,52.0458335876465,5.57388877868652,300,1200,1990-01-01,Veenendaal-De Klomp,De Klomp,De Klomp,KLP,stationV2
8400640,STOPTREIN_STATION,8400640,VP,640,"[{'spoorNummer': '1'}, {'spoorNummer': '2'}]",[],True,True,False,NL,51.9947204589844,5.98027801513672,200,1600,1990-01-01,Velp,Velp,Velp,VP,stationV2
8400647,STOPTREIN_STATION,8400647,VLB,647,"[{'spoorNummer': '1'}, {'spoorNummer': '2'}]",[],True,True,True,NL,51.59193,5.99714,200,1200,2020-05-13,Vierlingsbeek,Vierlingsbeek,Vierlingsb,VLB,stationV2
8400651,STOPTREIN_STATION,8400651,VTN,651,"[{'spoorNummer': '1'}, {'spoorNummer': '4'}]",[],True,True,True,NL,52.103056,5.007404,200,1200,2011-05-01,Vleuten,Vleuten,Vleuten,VTN,stationV2
8400653,STOPTREIN_STATION,8400653,VSS,653,"[{'spoorNummer': '1'}, {'spoorNummer': '2'}]",[],True,True,True,NL,51.4647216796875,3.59527778625488,250,1200,2011-05-01,Vlissingen Souburg,Souburg,Souburg,VSS,stationV2
8400656,STOPTREIN_STATION,8400656,VDL,656,"[{'spoorNummer': '1'}, {'spoorNummer': '2'}]",[],True,True,True,NL,50.8872222900391,5.93027782440186,200,1200,2022-01-01,Voerendaal,Voerendaal,Voerendaal,VDL,stationV2
8400658,STOPTREIN_STATION,8400658,VB,658,"[{'spoorNummer': '1'}, {'spoorNummer': '2'}]",[],True,True,False,NL,52.0666656494141,4.3594446182251,200,1200,2011-05-01,Voorburg,Voorburg,Voorburg,VB,stationV2
8400655,STOPTREIN_STATION,8400655,VH,655,"[{'spoorNummer': '1'}, {'spoorNummer': '2'}]",[],True,True,True,NL,52.2244453430176,4.4844446182251,200,1200,2011-05-01,Voorhout,Voorhout,Voorhout,VH,stationV2
8400659,STOPTREIN_STATION,8400659,VST,659,"[{'spoorNummer': '1'}, {'spoorNummer': '2'}, {'spoorNummer': '3'}, {'spoorNummer': '4'}]",[],True,True,True,NL,52.1252784729004,4.43249988555908,200,1200,2011-05-01,Voorschoten,Voorschoten,Voorschtn,VST,stationV2
8400668,STOPTREIN_STATION,8400038,VEM,668,[{'spoorNummer': '1'}],[],True,True,True,NL,52.1575012207031,6.14361095428467,200,1200,2020-05-13,Voorst-Empe,Voorst-Empe,Voorst-E,VEM,stationV2
8400661,STOPTREIN_STATION,8400661,VD,661,"[{'spoorNummer': '1'}, {'spoorNummer': '2'}]",[],True,True,True,NL,52.1071949,6.3170457,200,1200,2020-05-13,Vorden,Vorden,Vorden,VD,stationV2
8400664,STOPTREIN_STATION,8400664,VZ,664,[{'spoorNummer': '1'}],[],True,True,True,NL,52.40203,6.60041,200,1200,2020-05-13,Vriezenveen,Vriezenveen,Vriezenvn,VZ,stationV2
8400666,STOPTREIN_STATION,8400666,VHP,666,"[{'spoorNummer': '1'}, {'spoorNummer': '2'}]",[],True,True,True,NL,52.4571921,6.5696679,200,1200,2020-05-13,Vroomshoop,Vroomshoop,Vroomshoop,VHP,stationV2
8400667,STOPTREIN_STATION,8400667,VG,667,"[{'spoorNummer': '1'}, {'spoorNummer': '2'}]",[],True,True,False,NL,51.6555557250977,5.29194450378418,200,1200,2011-05-01,Vught,Vught,Vught,VG,stationV2
8400675,STOPTREIN_STATION,8400675,WAD,675,"[{'spoorNummer': '1'}, {'spoorNummer': '2'}]",[],True,True,True,NL,52.0441665649414,4.6497220993042,200,1200,2016-12-11,Waddinxveen,Waddinxveen,Waddinxvn,WAD,stationV2
8400674,STOPTREIN_STATION,8400674,WADN,674,[{'spoorNummer': '1'}],[],True,True,True,NL,52.0550003051758,4.64833354949951,200,1200,2016-12-11,Waddinxveen Noord,Waddinxveen N.,Waddinxv N,WADN,stationV2
8400677,STOPTREIN_STATION,8400677,WADT,677,[{'spoorNummer': '1'}],[],True,True,True,NL,52.02725,4.6491,200,1200,2018-02-12,Waddinxveen Triangel,Triangel,Triangel,WADT,stationV2
8400679,STOPTREIN_STATION,8400679,WFM,679,"[{'spoorNummer': '1'}, {'spoorNummer': '2'}]",[],True,True,True,NL,53.3908431,6.5671364,200,1200,2020-09-01,Warffum,Warffum,Warffum,WFM,stationV2
8400686,STOPTREIN_STATION,8400686,WL,686,"[{'spoorNummer': '1'}, {'spoorNummer': '2'}]",[],True,True,True,NL,51.9578065,6.213844,200,1200,2020-05-13,Wehl,Wehl,Wehl,WL,stationV2
8400688,STOPTREIN_STATION,8400103,WTV,688,"[{'spoorNummer': '1'}, {'spoorNummer': '2'}]",[],True,True,True,NL,51.96286,5.9695,200,1200,2020-05-13,Westervoort,Westervoort,Westervrt,WTV,stationV2
8400690,STOPTREIN_STATION,8400690,WZ,690,"[{'spoorNummer': '1'}, {'spoorNummer': '2'}]",[],True,True,True,NL,52.4541664123535,6.00250005722046,200,1200,1990-01-01,Wezep,Wezep,Wezep,WZ,stationV2
8400710,STOPTREIN_STATION,8400710,WC,710,"[{'spoorNummer': '1'}, {'spoorNummer': '2'}, {'spoorNummer': '3'}]",[],True,True,True,NL,51.8116683959961,5.73083353042603,200,1200,2011-05-01,Wijchen,Wijchen,Wijchen,WC,stationV2
8400697,STOPTREIN_STATION,8400697,WSM,697,"[{'spoorNummer': '1'}, {'spoorNummer': '2'}]",[],True,True,True,NL,53.3300994,6.5202905,200,1200,2020-09-01,Winsum,Winsum,Winsum,WSM,stationV2
8400700,STOPTREIN_STATION,8400013,WWW,700,[{'spoorNummer': '1'}],[],True,True,True,NL,51.97453,6.70417,200,1200,2020-05-13,Winterswijk West,Winterswijk West,Wintersw W,WWW,stationV2
8400704,STOPTREIN_STATION,8400704,WF,704,"[{'spoorNummer': '1'}, {'spoorNummer': '2'}, {'spoorNummer': '3'}]",[],True,True,False,NL,52.0055541992188,5.7936110496521,200,1200,1990-01-01,Wolfheze,Wolfheze,Wolfheze,WF,stationV2
8400705,STOPTREIN_STATION,8400705,WV,705,"[{'spoorNummer': '2'}, {'spoorNummer': '3'}]",['Wolvege'],True,True,True,NL,52.8808326721191,6.00361108779907,200,1600,1990-01-01,Wolvega,Wolvega,Wolvega,WV,stationV2
8400706,STOPTREIN_STATION,8400706,WK,706,"[{'spoorNummer': '1'}, {'spoorNummer': '2'}]",['Warkum'],True,True,True,NL,52.9724864,5.4564285,200,1200,2020-09-01,Workum,Workum,Workum,WK,stationV2
8400707,STOPTREIN_STATION,8400707,WM,707,"[{'spoorNummer': '1'}, {'spoorNummer': '2'}, {'spoorNummer': '3'}, {'spoorNummer': '4'}]",[],True,True,True,NL,52.4891662597656,4.79222202301025,200,1200,1990-01-01,Wormerveer,Wormerveer,Wormerveer,WM,stationV2
8400728,STOPTREIN_STATION,8400728,ZDK,728,"[{'spoorNummer': '1'}, {'spoorNummer': '2'}]",[],True,True,True,NL,52.4566650390625,4.82027769088745,200,1200,2011-05-01,Zaandam Kogerveld,Kogerveld,Kogerveld,ZDK,stationV2
8400732,STOPTREIN_STATION,8400732,ZBM,732,"[{'spoorNummer': '1'}, {'spoorNummer': '2'}]",[],True,True,True,NL,51.8088874816895,5.26333332061768,200,1200,1990-01-01,Zaltbommel,Zaltbommel,Zaltbommel,ZBM,stationV2
8400733,STOPTREIN_STATION,8400733,ZVT,733,"[{'spoorNummer': '1'}, {'spoorNummer': '2'}]",[],True,True,True,NL,52.3752784729004,4.53277778625488,200,1200,2015-03-18,Zandvoort aan Zee,Zandvoort,Zandvoort,ZVT,stationV2
8400734,STOPTREIN_STATION,8400734,ZA,734,"[{'spoorNummer': '1'}, {'spoorNummer': '2'}]",[],True,True,True,NL,51.920056,5.7228408,200,1200,2020-05-13,Zetten-Andelst,Zetten-Andelst,Zetten-And,ZA,stationV2
8400737,STOPTREIN_STATION,8400737,ZVB,737,"[{'spoorNummer': '1'}, {'spoorNummer': '2'}]",[],True,True,True,NL,51.64042,4.60904,200,1200,2011-05-01,Zevenbergen,Zevenbergen,Zevenbergn,ZVB,stationV2
8400740,STOPTREIN_STATION,8400740,ZTMO,740,"[{'spoorNummer': '1'}, {'spoorNummer': '2'}]",[],True,True,True,NL,52.0463905334473,4.49277782440186,200,1200,2011-05-01,Zoetermeer Oost,Zoetermeer Oost,Zoetermr O,ZTMO,stationV2
8400743,STOPTREIN_STATION,8400743,ZH,743,"[{'spoorNummer': '1'}, {'spoorNummer': '2'}, {'spoorNummer': '3'}]",[],True,True,True,NL,53.2486292,6.4062361,200,1200,2020-09-01,Zuidhorn,Zuidhorn,Zuidhorn,ZH,stationV2
8400752,STOPTREIN_STATION,8400752,ZWD,752,"[{'spoorNummer': '1'}, {'spoorNummer': '2'}, {'spoorNummer': '3'}, {'spoorNummer': '4'}]",[],True,True,True,NL,51.814998626709,4.64166688919067,200,1200,2011-05-01,Zwijndrecht,Zwijndrecht,Zwijndrcht,ZWD,stationV2
8400746,STOPTREIN_STATION,8400746,ZLSH,746,[{'spoorNummer': '1'}],[],True,True,True,NL,52.52764,6.05146,200,1200,2020-05-13,Zwolle Stadshagen,Stadshagen,Stadshagen,ZLSH,stationV2
